city,year,registered_voters,turnout,valid_vote,saadet partisi,btp,tkp,vatan partisi,chp,ak parti,dp,mhp,iyi parti,hdp,dsp,bgmz,anap,ldp,dtp,ip,hakpar,bbp,bdp,millet partisi,odp,emep,hyp,dyp,rp,sbp,shp,ydp,bagimsizlar,baskanlik sayisi,atp,genc parti,ytp,huda par,a.p.,turk parti,hkp,myp,yurtp,hepar,bp,dbp,dehap,depar,fp,hadep,sip,BAĞIMSIZLAR_vote,bagimsizlar_percent,percent_turnout,ANAP_vote,anap_percent,DSP_vote,dsp_percent,DYP_vote,dyp_percent,IDP_vote,idp_percent,MÇP_vote,mcp_percent,RP_vote,rp_percent,SHP_vote,shp_percent,prev_year,winner,prev_winner,swing,election_type,anadolu partisi,hap,has parti,hp,idp,kp,mcp,mdp,mep,mmp,sp,ydh,yeni parti,ap,birlik partisi,cgp,ckmp,cmp,demokratik parti,gp,hurriyet partisi,msp,tbp,tip,vp,ytp ,event,event_bool,cyprus,earthquake,kurdish,refugee
adana,2019,1535332.0,1279796.0,1223105.0,23214.0,3161.0,2529.0,5764.0,656704.0,0.0,0.0,523751.0,0.0,0.0,6298.0,1684.0,,,,,,,,,,,,,,,,,,,,,,,,,,,,,,,,,,,,,,0.8335630339236074,,,,,,,,,,,,,,,2014.0,chp,mhp,1,municipality,,,,,,,,,,,,,,,,,,,,,,,,,,,,0,0,0,0,0
ankara,2019,3922163.0,3362641.0,3263648.0,34182.0,5576.0,4629.0,6238.0,1662209.0,1538410.0,0.0,0.0,0.0,0.0,9706.0,2698.0,,,,,,,,,,,,,,,,,,,,,,,,,,,,,,,,,,,,,,0.8573435117306445,,,,,,,,,,,,,,,2014.0,chp,akp,1,municipality,,,,,,,,,,,,,,,,,,,,,,,,,,,,0,0,0,0,0
antalya,2019,1707819.0,1456390.0,1411011.0,13601.0,2071.0,2135.0,3711.0,714302.0,652882.0,8073.0,0.0,0.0,0.0,13477.0,759.0,,,,,,,,,,,,,,,,,,,,,,,,,,,,,,,,,,,,,,0.8527777241030812,,,,,,,,,,,,,,,2014.0,chp,akp,1,municipality,,,,,,,,,,,,,,,,,,,,,,,,,,,,0,0,0,0,0
aydin,2019,820708.0,709289.0,683704.0,5641.0,1302.0,1836.0,2890.0,368791.0,299056.0,0.0,0.0,0.0,0.0,4188.0,0.0,,,,,,,,,,,,,,,,,,,,,,,,,,,,,,,,,,,,,,0.8642403875678073,,,,,,,,,,,,,,,2014.0,chp,chp,0,municipality,,,,,,,,,,,,,,,,,,,,,,,,,,,,0,0,0,0,0
balikesir,2019,942088.0,817225.0,785432.0,7810.0,2144.0,1381.0,3425.0,0.0,375539.0,12654.0,0.0,365333.0,10197.0,5880.0,1069.0,,,,,,,,,,,,,,,,,,,,,,,,,,,,,,,,,,,,,,0.8674614261088136,,,,,,,,,,,,,,,2014.0,akp,akp,0,municipality,,,,,,,,,,,,,,,,,,,,,,,,,,,,0,0,0,0,0
bursa,2019,2176696.0,1869050.0,1810393.0,32589.0,3545.0,1451.0,4024.0,851377.0,898430.0,11747.0,0.0,0.0,0.0,5975.0,1255.0,,,,,,,,,,,,,,,,,,,,,,,,,,,,,,,,,,,,,,0.8586637729843764,,,,,,,,,,,,,,,2014.0,akp,akp,0,municipality,,,,,,,,,,,,,,,,,,,,,,,,,,,,0,0,0,0,0
denizli,2019,754368.0,665945.0,636308.0,4955.0,1768.0,1015.0,2427.0,0.0,321932.0,6985.0,0.0,279654.0,8833.0,4393.0,4346.0,,,,,,,,,,,,,,,,,,,,,,,,,,,,,,,,,,,,,,0.8827853249342495,,,,,,,,,,,,,,,2014.0,akp,akp,0,municipality,,,,,,,,,,,,,,,,,,,,,,,,,,,,0,0,0,0,0
diyarbakir,2019,1048250.0,824904.0,779593.0,15789.0,1425.0,909.0,521.0,14270.0,241633.0,0.0,0.0,0.0,490571.0,4378.0,10097.0,,,,,,,,,,,,,,,,,,,,,,,,,,,,,,,,,,,,,,0.7869344145003577,,,,,,,,,,,,,,,2014.0,hdp,bdp,1,municipality,,,,,,,,,,,,,,,,,,,,,,,,,,,,0,0,0,0,0
erzurum,2019,498253.0,405591.0,384917.0,8668.0,1902.0,629.0,620.0,9331.0,241789.0,0.0,0.0,97945.0,23167.0,866.0,0.0,,,,,,,,,,,,,,,,,,,,,,,,,,,,,,,,,,,,,,0.8140262075692469,,,,,,,,,,,,,,,2014.0,akp,akp,0,municipality,,,,,,,,,,,,,,,,,,,,,,,,,,,,0,0,0,0,0
eskisehir,2019,651356.0,560763.0,546269.0,6579.0,872.0,602.0,1162.0,285688.0,246582.0,0.0,0.0,0.0,0.0,4296.0,488.0,,,,,,,,,,,,,,,,,,,,,,,,,,,,,,,,,,,,,,0.8609163038338482,,,,,,,,,,,,,,,2014.0,chp,chp,0,municipality,,,,,,,,,,,,,,,,,,,,,,,,,,,,0,0,0,0,0
gaziantep,2019,1227454.0,966758.0,917080.0,17359.0,4125.0,2345.0,3179.0,0.0,494906.0,0.0,0.0,150831.0,0.0,240313.0,4022.0,,,,,,,,,,,,,,,,,,,,,,,,,,,,,,,,,,,,,,0.7876124074710743,,,,,,,,,,,,,,,2014.0,akp,akp,0,municipality,,,,,,,,,,,,,,,,,,,,,,,,,,,,0,0,0,0,0
hatay,2019,1067817.0,913730.0,888857.0,7547.0,1140.0,818.0,1829.0,490431.0,380455.0,0.0,0.0,0.0,0.0,6213.0,424.0,,,,,,,,,,,,,,,,,,,,,,,,,,,,,,,,,,,,,,0.8556990570481646,,,,,,,,,,,,,,,2014.0,chp,chp,0,municipality,,,,,,,,,,,,,,,,,,,,,,,,,,,,0,0,0,0,0
icel,2019,1281570.0,1094234.0,1057902.0,7202.0,1939.0,2187.0,3998.0,477020.0,0.0,127168.0,433669.0,0.0,0.0,4719.0,0.0,,,,,,,,,,,,,,,,,,,,,,,,,,,,,,,,,,,,,,0.8538230451711573,,,,,,,,,,,,,,,2014.0,chp,mhp,1,municipality,,,,,,,,,,,,,,,,,,,,,,,,,,,,0,0,0,0,0
istanbul,2019,10560963.0,8925166.0,8746566.0,47832.0,0.0,0.0,13962.0,4742082.0,3936068.0,0.0,0.0,0.0,0.0,0.0,6622.0,,,,,,,,,,,,,,,,,,,,,,,,,,,,,,,,,,,,,,0.8451091060540596,,,,,,,,,,,,,,,2014.0,chp,akp,1,municipality,,,,,,,,,,,,,,,,,,,,,,,,,,,,0,0,0,0,0
izmir,2019,3250780.0,2740742.0,2667297.0,30180.0,3956.0,8061.0,7963.0,1550192.0,1032359.0,11209.0,0.0,0.0,0.0,20509.0,2868.0,,,,,,,,,,,,,,,,,,,,,,,,,,,,,,,,,,,,,,0.8431028860765724,,,,,,,,,,,,,,,2014.0,chp,chp,0,municipality,,,,,,,,,,,,,,,,,,,,,,,,,,,,0,0,0,0,0
kayseri,2019,956149.0,820938.0,789750.0,21688.0,4031.0,1361.0,2380.0,0.0,500621.0,0.0,0.0,248947.0,4542.0,3218.0,2962.0,,,,,,,,,,,,,,,,,,,,,,,,,,,,,,,,,,,,,,0.8585879397457927,,,,,,,,,,,,,,,2014.0,akp,akp,0,municipality,,,,,,,,,,,,,,,,,,,,,,,,,,,,0,0,0,0,0
kocaeli,2019,1349480.0,1151218.0,1098319.0,54640.0,4692.0,3470.0,2827.0,0.0,610507.0,6143.0,0.0,359060.0,41870.0,10876.0,4234.0,,,,,,,,,,,,,,,,,,,,,,,,,,,,,,,,,,,,,,0.8530826688798648,,,,,,,,,,,,,,,2014.0,akp,akp,0,municipality,,,,,,,,,,,,,,,,,,,,,,,,,,,,0,0,0,0,0
konya,2019,1521399.0,1285194.0,1218037.0,50099.0,8623.0,3690.0,3423.0,0.0,859115.0,5647.0,0.0,245997.0,26589.0,6486.0,8368.0,,,,,,,,,,,,,,,,,,,,,,,,,,,,,,,,,,,,,,0.8447448696890165,,,,,,,,,,,,,,,2014.0,akp,akp,0,municipality,,,,,,,,,,,,,,,,,,,,,,,,,,,,0,0,0,0,0
malatya,2019,561708.0,464819.0,446292.0,23709.0,1482.0,625.0,618.0,103690.0,305588.0,1651.0,0.0,0.0,6555.0,1345.0,1029.0,,,,,,,,,,,,,,,,,,,,,,,,,,,,,,,,,,,,,,0.8275100230012746,,,,,,,,,,,,,,,2014.0,akp,akp,0,municipality,,,,,,,,,,,,,,,,,,,,,,,,,,,,0,0,0,0,0
manisa,2019,1052970.0,933133.0,873021.0,10098.0,4290.0,2888.0,3853.0,0.0,0.0,12014.0,460671.0,332338.0,37919.0,6626.0,2324.0,,,,,,,,,,,,,,,,,,,,,,,,,,,,,,,,,,,,,,0.8861914394522161,,,,,,,,,,,,,,,2014.0,mhp,mhp,0,municipality,,,,,,,,,,,,,,,,,,,,,,,,,,,,0,0,0,0,0
kahramanmaras,2019,754604.0,656611.0,624585.0,13145.0,5412.0,888.0,1857.0,170407.0,422222.0,0.0,0.0,0.0,0.0,7628.0,3026.0,,,,,,,,,,,,,,,,,,,,,,,,,,,,,,,,,,,,,,0.8701398349332895,,,,,,,,,,,,,,,2014.0,akp,akp,0,municipality,,,,,,,,,,,,,,,,,,,,,,,,,,,,0,0,0,0,0
mardin,2019,484284.0,390707.0,371334.0,4258.0,615.0,399.0,154.0,6781.0,143060.0,1102.0,0.0,4078.0,208854.0,760.0,1273.0,,,,,,,,,,,,,,,,,,,,,,,,,,,,,,,,,,,,,,0.8067724723509345,,,,,,,,,,,,,,,2014.0,hdp,bgmz,1,municipality,,,,,,,,,,,,,,,,,,,,,,,,,,,,0,0,0,0,0
mugla,2019,726123.0,627276.0,603862.0,3335.0,18753.0,1406.0,2100.0,217476.0,171621.0,22978.0,0.0,0.0,0.0,5148.0,161045.0,,,,,,,,,,,,,,,,,,,,,,,,,,,,,,,,,,,,,,0.8638701707561942,,,,,,,,,,,,,,,2014.0,chp,chp,0,municipality,,,,,,,,,,,,,,,,,,,,,,,,,,,,0,0,0,0,0
ordu,2019,581352.0,497766.0,474904.0,124114.0,1473.0,903.0,1037.0,73468.0,270377.0,1337.0,0.0,0.0,0.0,1788.0,407.0,,,,,,,,,,,,,,,,,,,,,,,,,,,,,,,,,,,,,,0.8562213598645915,,,,,,,,,,,,,,,2014.0,akp,akp,0,municipality,,,,,,,,,,,,,,,,,,,,,,,,,,,,0,0,0,0,0
sakarya,2019,717122.0,621122.0,594535.0,23108.0,4245.0,1137.0,1392.0,0.0,386700.0,3346.0,0.0,164246.0,6147.0,2621.0,1593.0,,,,,,,,,,,,,,,,,,,,,,,,,,,,,,,,,,,,,,0.8661315647825614,,,,,,,,,,,,,,,2014.0,akp,akp,0,municipality,,,,,,,,,,,,,,,,,,,,,,,,,,,,0,0,0,0,0
samsun,2019,970988.0,838085.0,800171.0,12323.0,13437.0,1524.0,1729.0,0.0,379150.0,5191.0,0.0,213558.0,0.0,4592.0,168667.0,,,,,,,,,,,,,,,,,,,,,,,,,,,,,,,,,,,,,,0.8631260118559653,,,,,,,,,,,,,,,2014.0,akp,akp,0,municipality,,,,,,,,,,,,,,,,,,,,,,,,,,,,0,0,0,0,0
tekirdag,2019,749926.0,640044.0,621778.0,6181.0,921.0,1044.0,1156.0,318412.0,272581.0,2258.0,0.0,0.0,11699.0,7008.0,518.0,,,,,,,,,,,,,,,,,,,,,,,,,,,,,,,,,,,,,,0.8534762096526858,,,,,,,,,,,,,,,2014.0,chp,chp,0,municipality,,,,,,,,,,,,,,,,,,,,,,,,,,,,0,0,0,0,0
trabzon,2019,594589.0,497876.0,475451.0,15502.0,2821.0,950.0,1335.0,0.0,307167.0,3747.0,0.0,140421.0,0.0,2117.0,1391.0,,,,,,,,,,,,,,,,,,,,,,,,,,,,,,,,,,,,,,0.8373447877441392,,,,,,,,,,,,,,,2014.0,akp,akp,0,municipality,,,,,,,,,,,,,,,,,,,,,,,,,,,,0,0,0,0,0
sanliurfa,2019,1093515.0,893936.0,848816.0,308510.0,6284.0,2614.0,3327.0,0.0,516202.0,0.0,0.0,0.0,0.0,7843.0,4036.0,,,,,,,,,,,,,,,,,,,,,,,,,,,,,,,,,,,,,,0.8174885575415061,,,,,,,,,,,,,,,2014.0,akp,akp,0,municipality,,,,,,,,,,,,,,,,,,,,,,,,,,,,0,0,0,0,0
van,2019,652878.0,512563.0,483905.0,9081.0,680.0,727.0,447.0,9191.0,196040.0,0.0,0.0,5232.0,260609.0,1898.0,0.0,,,,,,,,,,,,,,,,,,,,,,,,,,,,,,,,,,,,,,0.7850823584191841,,,,,,,,,,,,,,,2014.0,hdp,bdp,1,municipality,,,,,,,,,,,,,,,,,,,,,,,,,,,,0,0,0,0,0
adana,2009,1019592.0,835470.0,802522.0,12641.0,1546.0,786.0,,209876.0,237206.0,4964.0,238706.0,,,9670.0,683.0,2023.0,490.0,74421.0,0.0,1130.0,6507.0,0.0,930.0,0.0,0.0,943.0,,,,,,,,,,,,,,,,,,,,,,,,,,,0.8194160016947956,,,,,,,,,,,,,,,2004.0,mhp,akp,1,municipality,,,,,,,,,,,,,,,,,,,,,,,,,,,,0,0,0,0,0
ankara,2009,2979744.0,2533176.0,2440455.0,29878.0,6001.0,2270.0,,763879.0,940230.0,6877.0,667871.0,,,0.0,1200.0,6174.0,1233.0,11353.0,0.0,0.0,0.0,0.0,3489.0,0.0,0.0,0.0,,,,,,,,,,,,,,,,,,,,,,,,,,,0.8501320918844035,,,,,,,,,,,,,,,2004.0,akp,akp,0,municipality,,,,,,,,,,,,,,,,,,,,,,,,,,,,0,0,0,0,0
antalya,2009,653936.0,539782.0,524052.0,9301.0,1149.0,710.0,,214325.0,176331.0,4900.0,92287.0,,,2220.0,206.0,1421.0,296.0,19867.0,0.0,0.0,0.0,0.0,0.0,1039.0,0.0,0.0,,,,,,,,,,,,,,,,,,,,,,,,,,,0.8254355166254802,,,,,,,,,,,,,,,2004.0,chp,akp,1,municipality,,,,,,,,,,,,,,,,,,,,,,,,,,,,0,0,0,0,0
bursa,2009,1331645.0,1122453.0,1074707.0,32298.0,5895.0,1974.0,,289750.0,506825.0,66083.0,132652.0,,,13192.0,6028.0,6980.0,875.0,0.0,0.0,0.0,12155.0,0.0,0.0,0.0,0.0,0.0,,,,,,,,,,,,,,,,,,,,,,,,,,,0.842907081091432,,,,,,,,,,,,,,,2004.0,akp,akp,0,municipality,,,,,,,,,,,,,,,,,,,,,,,,,,,,0,0,0,0,0
diyarbakir,2009,450963.0,360973.0,349230.0,2038.0,668.0,342.0,,2011.0,111134.0,1752.0,962.0,,,841.0,0.0,0.0,,227472.0,394.0,1616.0,0.0,0.0,0.0,0.0,0.0,0.0,,,,,,,,,,,,,,,,,,,,,,,,,,,0.8004492608041014,,,,,,,,,,,,,,,2004.0,dtp,shp,1,municipality,,,,,,,,,,,,,,,,,,,,,,,,,,,,0,0,0,0,0
erzurum,2009,227052.0,183443.0,178380.0,10325.0,435.0,184.0,,1993.0,101524.0,905.0,60477.0,,,322.0,0.0,0.0,,2215.0,0.0,0.0,0.0,0.0,0.0,0.0,0.0,0.0,,,,,,,,,,,,,,,,,,,,,,,,,,,0.8079338653700474,,,,,,,,,,,,,,,2004.0,akp,akp,0,municipality,,,,,,,,,,,,,,,,,,,,,,,,,,,,0,0,0,0,0
eskisehir,2009,460672.0,392825.0,378540.0,6153.0,463.0,448.0,,10598.0,140478.0,3957.0,21408.0,,,195035.0,0.0,0.0,,0.0,0.0,0.0,0.0,0.0,0.0,0.0,0.0,0.0,,,,,,,,,,,,,,,,,,,,,,,,,,,0.8527216761600445,,,,,,,,,,,,,,,2004.0,dsp,dsp,0,municipality,,,,,,,,,,,,,,,,,,,,,,,,,,,,0,0,0,0,0
gaziantep,2009,729349.0,594367.0,569897.0,18875.0,1577.0,610.0,,172101.0,304014.0,1767.0,28612.0,,,2050.0,490.0,0.0,,32268.0,0.0,0.0,7533.0,0.0,0.0,0.0,0.0,0.0,,,,,,,,,,,,,,,,,,,,,,,,,,,0.8149281071201853,,,,,,,,,,,,,,,2004.0,akp,akp,0,municipality,,,,,,,,,,,,,,,,,,,,,,,,,,,,0,0,0,0,0
icel,2009,552367.0,456339.0,439265.0,2501.0,748.0,562.0,,135632.0,92715.0,1107.0,108775.0,,,16128.0,376.0,0.0,,79483.0,0.0,718.0,0.0,0.0,520.0,0.0,0.0,0.0,,,,,,,,,,,,,,,,,,,,,,,,,,,0.8261518157312077,,,,,,,,,,,,,,,2004.0,chp,chp,0,municipality,,,,,,,,,,,,,,,,,,,,,,,,,,,,0,0,0,0,0
istanbul,2009,8805063.0,7199083.0,6946435.0,337014.0,17071.0,7709.0,,2568710.0,3105555.0,33089.0,348269.0,,,90399.0,5541.0,21960.0,3025.0,314229.0,0.0,9502.0,79401.0,0.0,4961.0,0.0,0.0,0.0,,,,,,,,,,,,,,,,,,,,,,,,,,,0.8176072107604454,,,,,,,,,,,,,,,2004.0,akp,akp,0,municipality,,,,,,,,,,,,,,,,,,,,,,,,,,,,0,0,0,0,0
izmir,2009,2422480.0,2043178.0,1972359.0,18428.0,5992.0,5483.0,,1107562.0,599395.0,14169.0,138056.0,,,30659.0,38867.0,6569.0,1420.0,0.0,0.0,0.0,0.0,0.0,0.0,0.0,0.0,5759.0,,,,,,,,,,,,,,,,,,,,,,,,,,,0.8434240943165682,,,,,,,,,,,,,,,2004.0,chp,chp,0,municipality,,,,,,,,,,,,,,,,,,,,,,,,,,,,0,0,0,0,0
kayseri,2009,581273.0,494668.0,477233.0,21352.0,2979.0,681.0,,40862.0,291333.0,4509.0,107637.0,,,3496.0,272.0,2018.0,392.0,0.0,0.0,0.0,0.0,0.0,901.0,0.0,801.0,0.0,,,,,,,,,,,,,,,,,,,,,,,,,,,0.8510080461332282,,,,,,,,,,,,,,,2004.0,akp,akp,0,municipality,,,,,,,,,,,,,,,,,,,,,,,,,,,,0,0,0,0,0
kocaeli,2009,1025094.0,891735.0,857940.0,73952.0,1106.0,1471.0,,272389.0,407170.0,18354.0,55515.0,,,5641.0,0.0,0.0,,14308.0,0.0,0.0,8034.0,0.0,0.0,0.0,0.0,0.0,,,,,,,,,,,,,,,,,,,,,,,,,,,0.8699055891459709,,,,,,,,,,,,,,,2004.0,akp,akp,0,municipality,,,,,,,,,,,,,,,,,,,,,,,,,,,,0,0,0,0,0
konya,2009,643648.0,537776.0,521199.0,77240.0,1923.0,447.0,,16687.0,356570.0,1664.0,56796.0,,,4043.0,0.0,0.0,191.0,4560.0,0.0,0.0,0.0,0.0,604.0,0.0,0.0,474.0,,,,,,,,,,,,,,,,,,,,,,,,,,,0.8355125783036691,,,,,,,,,,,,,,,2004.0,akp,akp,0,municipality,,,,,,,,,,,,,,,,,,,,,,,,,,,,0,0,0,0,0
sakarya,2009,417592.0,362515.0,351875.0,25337.0,873.0,392.0,,26961.0,157626.0,5608.0,129313.0,,,1378.0,349.0,1213.0,239.0,0.0,0.0,0.0,2586.0,0.0,0.0,0.0,0.0,0.0,,,,,,,,,,,,,,,,,,,,,,,,,,,0.8681081055192629,,,,,,,,,,,,,,,2004.0,akp,akp,0,municipality,,,,,,,,,,,,,,,,,,,,,,,,,,,,0,0,0,0,0
samsun,2009,376980.0,313710.0,299805.0,11692.0,894.0,743.0,,63548.0,144174.0,9645.0,61703.0,,,6801.0,248.0,0.0,357.0,0.0,0.0,0.0,0.0,0.0,0.0,0.0,0.0,0.0,,,,,,,,,,,,,,,,,,,,,,,,,,,0.8321661626611492,,,,,,,,,,,,,,,2004.0,akp,akp,0,municipality,,,,,,,,,,,,,,,,,,,,,,,,,,,,0,0,0,0,0
adana,1994,10904360.0,9739574.0,9143354.0,,,,,267604.0,,7100.0,413811.0,,,1026674.0,,1992281.0,,,16592.0,,35057.0,,31888.0,,,,1451809.0,2048519.0,17297.0,1799059.0,21979.0,13684.0,,,,,,,,,,,,,,,,,,,,,0.8931816264319961,,,,,,,,,,,,,,,1989.0,rp,shp,1,municipality,,,,,,,,,,,,,,,,,,,,,,,,,,,,0,0,0,0,0
ankara,1994,1670867.0,1525392.0,1439838.0,,,,,30082.0,,,104304.0,,,111740.0,,268519.0,,,3023.0,,8649.0,,5727.0,,,,119824.0,393623.0,3413.0,387152.0,2756.0,1026.0,,,,,,,,,,,,,,,,,,,,,0.9129344226679921,,,,,,,,,,,,,,,1989.0,rp,shp,1,municipality,,,,,,,,,,,,,,,,,,,,,,,,,,,,0,0,0,0,0
antalya,1994,260054.0,230050.0,214775.0,,,,,22164.0,,,20717.0,,,18351.0,,40895.0,,,601.0,,641.0,,796.0,,,,71325.0,19442.0,840.0,18382.0,621.0,,,,,,,,,,,,,,,,,,,,,,0.884623962715436,,,,,,,,,,,,,,,1989.0,dyp,,0,municipality,,,,,,,,,,,,,,,,,,,,,,,,,,,,0,0,0,0,0
bursa,1994,590162.0,554609.0,518917.0,,,,,5130.0,,1534.0,16160.0,,,94228.0,,144309.0,,,955.0,,1409.0,,2184.0,,,,122200.0,96113.0,776.0,32313.0,1305.0,301.0,,,,,,,,,,,,,,,,,,,,,0.9397572192042184,,,,,,,,,,,,,,,1989.0,anap,dyp,1,municipality,,,,,,,,,,,,,,,,,,,,,,,,,,,,0,0,0,0,0
diyarbakir,1994,169466.0,119754.0,86302.0,,,,,1846.0,,,3755.0,,,,,18826.0,,,548.0,,672.0,,,,,,13691.0,31865.0,,12588.0,674.0,1837.0,,,,,,,,,,,,,,,,,,,,,0.7066550222463504,,,,,,,,,,,,,,,1989.0,rp,,0,municipality,,,,,,,,,,,,,,,,,,,,,,,,,,,,0,0,0,0,0
erzurum,1994,133846.0,119082.0,111942.0,,,,,575.0,,486.0,28370.0,,,1516.0,,23775.0,,,212.0,,1978.0,,593.0,,,,9643.0,41965.0,,1838.0,991.0,,,,,,,,,,,,,,,,,,,,,,0.8896941260852024,,,,,,,,,,,,,,,1989.0,rp,,0,municipality,,,,,,,,,,,,,,,,,,,,,,,,,,,,0,0,0,0,0
eskisehir,1994,282758.0,268413.0,256919.0,,,,,21371.0,,,13131.0,,,52128.0,,49045.0,,,429.0,,546.0,,930.0,,,,52665.0,35615.0,438.0,26984.0,704.0,2933.0,,,,,,,,,,,,,,,,,,,,,0.949267571562962,,,,,,,,,,,,,,,1989.0,dyp,,0,municipality,,,,,,,,,,,,,,,,,,,,,,,,,,,,0,0,0,0,0
gaziantep,1994,325128.0,279437.0,255113.0,,,,,9866.0,,1073.0,19067.0,,,16534.0,,37042.0,,,798.0,,1731.0,,1003.0,,,,26350.0,69817.0,,70466.0,1366.0,,,,,,,,,,,,,,,,,,,,,,0.8594676558155557,,,,,,,,,,,,,,,1989.0,shp,shp,1,municipality,,,,,,,,,,,,,,,,,,,,,,,,,,,,0,0,0,0,0
icel,1994,239391.0,193867.0,176698.0,,,,,13972.0,,842.0,9037.0,,,9817.0,,65879.0,,,591.0,,481.0,,371.0,,,,19628.0,14184.0,,41531.0,365.0,,,,,,,,,,,,,,,,,,,,,,0.8098341207480649,,,,,,,,,,,,,,,1989.0,anap,,0,municipality,,,,,,,,,,,,,,,,,,,,,,,,,,,,0,0,0,0,0
istanbul,1994,4585817.0,4078906.0,3865126.0,,,,,54028.0,,,72121.0,,,478612.0,,855897.0,,,5215.0,,13662.0,,12294.0,,,,597461.0,973704.0,7075.0,784693.0,7979.0,2385.0,,,,,,,,,,,,,,,,,,,,,0.8894611363689393,,,,,,,,,,,,,,,1989.0,rp,shp,1,municipality,,,,,,,,,,,,,,,,,,,,,,,,,,,,0,0,0,0,0
izmir,1994,1245691.0,1132708.0,1061184.0,,,,,26909.0,,2825.0,,,,159394.0,,208607.0,,,2165.0,,,,2776.0,,,,294647.0,74120.0,3121.0,281721.0,2221.0,2678.0,,,,,,,,,,,,,,,,,,,,,0.9093009422079792,,,,,,,,,,,,,,,1989.0,dyp,shp,1,municipality,,,,,,,,,,,,,,,,,,,,,,,,,,,,0,0,0,0,0
kayseri,1994,256656.0,236524.0,221202.0,,,,,5368.0,,,56546.0,,,8773.0,,33800.0,,,338.0,,1413.0,,733.0,,,,16882.0,68665.0,,27747.0,937.0,,,,,,,,,,,,,,,,,,,,,,0.9215603765351288,,,,,,,,,,,,,,,1989.0,rp,shp,1,municipality,,,,,,,,,,,,,,,,,,,,,,,,,,,,0,0,0,0,0
kocaeli,1994,119255.0,109908.0,103310.0,,,,,2477.0,,340.0,2043.0,,,8966.0,,10087.0,,,110.0,,286.0,,180.0,,,,20440.0,26688.0,,31487.0,206.0,,,,,,,,,,,,,,,,,,,,,,0.9216217349377384,,,,,,,,,,,,,,,1989.0,shp,,0,municipality,,,,,,,,,,,,,,,,,,,,,,,,,,,,0,0,0,0,0
konya,1994,302033.0,281868.0,266484.0,,,,,1190.0,,,21058.0,,,5173.0,,86956.0,,,316.0,,1605.0,,2580.0,,,,11202.0,130353.0,,4971.0,781.0,299.0,,,,,,,,,,,,,,,,,,,,,0.9332357722500522,,,,,,,,,,,,,,,1989.0,rp,rp,1,municipality,,,,,,,,,,,,,,,,,,,,,,,,,,,,0,0,0,0,0
samsun,1994,190549.0,173280.0,163168.0,,,,,52147.0,,,13470.0,,,7806.0,,21815.0,,,255.0,,970.0,,754.0,,,,30422.0,27631.0,467.0,7070.0,361.0,,,,,,,,,,,,,,,,,,,,,,0.909372392403004,,,,,,,,,,,,,,,1989.0,chp,,0,municipality,,,,,,,,,,,,,,,,,,,,,,,,,,,,0,0,0,0,0
adana,2004,715938.0,484729.0,461381.0,9877.0,939.0,718.0,,83119.0,183376.0,,43178.0,,,4248.0,,,,,785.0,,1758.0,,589.0,,,,58885.0,,,55537.0,,1527.0,,1096.0,14863.0,886.0,,,,,,,,,,,,,,,,,0.6770544376747707,,,,,,,,,,,,,,,1999.0,akp,anap,1,municipality,,,,,,,,,,,,,,,,,,,,,,,,,,,,0,0,0,0,0
ankara,2004,2269442.0,1703844.0,1636633.0,11205.0,3897.0,2775.0,,206630.0,901001.0,,74815.0,,,14905.0,,5986.0,,,4313.0,,8379.0,,1257.0,,,,32376.0,,,341231.0,,1386.0,,,26477.0,,,,,,,,,,,,,,,,,,0.7507766226235347,,,,,,,,,,,,,,,1999.0,akp,fp,1,municipality,,,,,,,,,,,,,,,,,,,,,,,,,,,,0,0,0,0,0
antalya,2004,413294.0,278196.0,268678.0,1348.0,364.0,421.0,,70119.0,92419.0,,15201.0,,,1961.0,,695.0,,,354.0,,724.0,,513.0,,,,69891.0,,,10273.0,,384.0,,,4011.0,,,,,,,,,,,,,,,,,,0.6731188935721303,,,,,,,,,,,,,,,1999.0,akp,chp,1,municipality,,,,,,,,,,,,,,,,,,,,,,,,,,,,0,0,0,0,0
bursa,2004,820333.0,598305.0,572398.0,22058.0,2379.0,1062.0,,98986.0,307960.0,,20171.0,,,13012.0,,6019.0,,,,,2725.0,,774.0,,,,68146.0,,,9530.0,,846.0,,1089.0,17641.0,,,,,,,,,,,,,,,,,,0.7293440590589432,,,,,,,,,,,,,,,1999.0,akp,dsp,1,municipality,,,,,,,,,,,,,,,,,,,,,,,,,,,,0,0,0,0,0
diyarbakir,2004,272935.0,158006.0,152493.0,1468.0,349.0,208.0,,1332.0,53816.0,,1155.0,,,533.0,,645.0,,,178.0,,775.0,,,,,,2299.0,,,88907.0,,317.0,,,511.0,,,,,,,,,,,,,,,,,,0.5789143935369228,,,,,,,,,,,,,,,1999.0,shp,hadep,1,municipality,,,,,,,,,,,,,,,,,,,,,,,,,,,,0,0,0,0,0
erzurum,2004,189595.0,114181.0,110270.0,3914.0,212.0,118.0,,1702.0,67463.0,,32640.0,,,240.0,,190.0,,,75.0,,928.0,,,,,,2033.0,,,,,,,,755.0,,,,,,,,,,,,,,,,,,0.6022363458951977,,,,,,,,,,,,,,,1999.0,akp,mhp,1,municipality,,,,,,,,,,,,,,,,,,,,,,,,,,,,0,0,0,0,0
eskisehir,2004,363459.0,293856.0,283431.0,2223.0,456.0,296.0,,,117205.0,,6128.0,,,126854.0,,965.0,,,385.0,,1004.0,,,,375.0,,23719.0,,,,,375.0,,,3446.0,,,,,,,,,,,,,,,,,,0.8084983450678068,,,,,,,,,,,,,,,1999.0,dsp,dsp,0,municipality,,,,,,,,,,,,,,,,,,,,,,,,,,,,0,0,0,0,0
gaziantep,2004,479412.0,325245.0,309061.0,10839.0,1088.0,668.0,,103342.0,177529.0,,5391.0,,,1170.0,,580.0,,,683.0,,1806.0,,611.0,,,,1985.0,,,,,414.0,,640.0,2315.0,,,,,,,,,,,,,,,,,,0.6784248204049961,,,,,,,,,,,,,,,1999.0,akp,chp,1,municipality,,,,,,,,,,,,,,,,,,,,,,,,,,,,0,0,0,0,0
icel,2004,340440.0,242129.0,231563.0,1357.0,289.0,224.0,,78830.0,46209.0,,43033.0,,,920.0,,462.0,,,368.0,,,,305.0,,,,2338.0,,,52189.0,,1618.0,,,3421.0,,,,,,,,,,,,,,,,,,0.7112237104923042,,,,,,,,,,,,,,,1999.0,chp,dsp,1,municipality,,,,,,,,,,,,,,,,,,,,,,,,,,,,0,0,0,0,0
istanbul,2004,6440606.0,4400637.0,4231487.0,228615.0,13312.0,8199.0,,1223856.0,1917577.0,,173274.0,,,57957.0,,51979.0,,,7919.0,,20560.0,,,,,,206410.0,,,153840.0,,5687.0,,8364.0,145120.0,8818.0,,,,,,,,,,,,,,,,,0.6832644319494159,,,,,,,,,,,,,,,1999.0,akp,fp,1,municipality,,,,,,,,,,,,,,,,,,,,,,,,,,,,0,0,0,0,0
izmir,2004,1668368.0,1239915.0,1192541.0,6516.0,2323.0,2040.0,,562561.0,388336.0,,48535.0,,,11527.0,,10939.0,,,2777.0,,,,2134.0,,,,32708.0,,,49382.0,,1092.0,,,71671.0,,,,,,,,,,,,,,,,,,0.7431903512894038,,,,,,,,,,,,,,,1999.0,chp,dsp,1,municipality,,,,,,,,,,,,,,,,,,,,,,,,,,,,0,0,0,0,0
kayseri,2004,353715.0,238431.0,232235.0,8125.0,894.0,248.0,,21580.0,163141.0,,21259.0,,,1174.0,,,,,438.0,,3953.0,,329.0,,765.0,,6547.0,,,,,575.0,,,2607.0,600.0,,,,,,,,,,,,,,,,,0.6740765870828209,,,,,,,,,,,,,,,1999.0,akp,fp,1,municipality,,,,,,,,,,,,,,,,,,,,,,,,,,,,0,0,0,0,0
kocaeli,2004,157106.0,116746.0,112289.0,5186.0,381.0,170.0,,36176.0,57295.0,,2613.0,,,796.0,,378.0,,,,,243.0,,,,,,4554.0,,,2325.0,,175.0,,,1634.0,363.0,,,,,,,,,,,,,,,,,0.7431033824296972,,,,,,,,,,,,,,,1999.0,akp,chp,1,municipality,,,,,,,,,,,,,,,,,,,,,,,,,,,,0,0,0,0,0
konya,2004,441115.0,345146.0,334946.0,88463.0,684.0,287.0,,7676.0,207721.0,,19975.0,,,624.0,,1108.0,,,336.0,,1602.0,,,,,,2076.0,,,2381.0,,996.0,,,1017.0,,,,,,,,,,,,,,,,,,0.7824399533001598,,,,,,,,,,,,,,,1999.0,akp,fp,1,municipality,,,,,,,,,,,,,,,,,,,,,,,,,,,,0,0,0,0,0
sakarya,2004,239466.0,181507.0,175701.0,14150.0,504.0,225.0,,10942.0,65847.0,,18589.0,,,883.0,,1195.0,,,191.0,,570.0,,,,,,40684.0,,,1528.0,,852.0,,,19541.0,,,,,,,,,,,,,,,,,,0.7579656402161475,,,,,,,,,,,,,,,1999.0,akp,,0,municipality,,,,,,,,,,,,,,,,,,,,,,,,,,,,0,0,0,0,0
samsun,2004,240250.0,171830.0,163763.0,7670.0,416.0,306.0,,53531.0,75741.0,,9469.0,,,705.0,,,,,,,788.0,,,,,,10975.0,,,2064.0,,,,,2098.0,,,,,,,,,,,,,,,,,,0.715213319458897,,,,,,,,,,,,,,,1999.0,akp,anap,1,municipality,,,,,,,,,,,,,,,,,,,,,,,,,,,,0,0,0,0,0
adana,2014,1457671.0,1287762.0,1236294.0,12875.0,1773.0,0.0,,306747.0,394481.0,0.0,414284.0,,90829.0,2050.0,2131.0,,338.0,,1703.0,842.0,5672.0,0.0,1835.0,0.0,0.0,,0.0,,,,,,,,0.0,,0.0,0.0,0.0,734.0,0.0,0.0,0.0,,,,,,,,,,0.88343803231319,,,,,,,,,,,,,,,2009.0,mhp,mhp,0,municipality,,,,,,,,,,,,,,,,,,,,,,,,,,,,0,0,0,0,0
ankara,2014,3609048.0,3286145.0,3162112.0,15224.0,3340.0,0.0,,1385576.0,1417212.0,3304.0,245765.0,,27620.0,1900.0,3837.0,,405.0,,0.0,1829.0,41886.0,0.0,955.0,0.0,0.0,,1266.0,,,,,,,,0.0,,0.0,0.0,1129.0,1652.0,0.0,5010.0,4202.0,,,,,,,,,,0.9105295911830488,,,,,,,,,,,,,,,2009.0,akp,akp,0,municipality,,,,,,,,,,,,,,,,,,,,,,,,,,,,0,0,0,0,0
antalya,2014,1514939.0,1362453.0,1308435.0,6906.0,1645.0,0.0,,453164.0,476485.0,3403.0,318508.0,,30216.0,2879.0,611.0,,203.0,,0.0,1095.0,7047.0,0.0,691.0,0.0,0.0,,1153.0,,,,,,,,0.0,,0.0,0.0,744.0,1046.0,0.0,0.0,2639.0,,,,,,,,,,0.8993451221468323,,,,,,,,,,,,,,,2009.0,akp,chp,1,municipality,,,,,,,,,,,,,,,,,,,,,,,,,,,,0,0,0,0,0
aydin,2014,753064.0,684556.0,651427.0,2433.0,751.0,0.0,,285281.0,189921.0,1930.0,140362.0,,20275.0,2842.0,0.0,,202.0,,1096.0,701.0,2762.0,0.0,304.0,0.0,0.0,,846.0,,,,,,,,0.0,,0.0,0.0,0.0,638.0,0.0,0.0,1083.0,,,,,,,,,,0.9090276523642079,,,,,,,,,,,,,,,2009.0,chp,,0,municipality,,,,,,,,,,,,,,,,,,,,,,,,,,,,0,0,0,0,0
balikesir,2014,886591.0,809897.0,775541.0,8169.0,889.0,0.0,,196270.0,308267.0,0.0,245291.0,,6251.0,2663.0,0.0,,0.0,,0.0,607.0,3928.0,0.0,957.0,0.0,0.0,,1234.0,,,,,,,,0.0,,0.0,0.0,0.0,1015.0,0.0,0.0,0.0,,,,,,,,,,0.9134956253785568,,,,,,,,,,,,,,,2009.0,akp,,0,municipality,,,,,,,,,,,,,,,,,,,,,,,,,,,,0,0,0,0,0
bursa,2014,1982873.0,1799299.0,1721849.0,35665.0,2868.0,1006.0,,494890.0,852745.0,8796.0,264358.0,,28777.0,2873.0,1151.0,,407.0,,2172.0,1212.0,9447.0,0.0,1114.0,0.0,0.0,,3754.0,,,,,,,,0.0,,0.0,0.0,1467.0,1697.0,0.0,3571.0,3879.0,,,,,,,,,,0.9074201928212244,,,,,,,,,,,,,,,2009.0,akp,akp,0,municipality,,,,,,,,,,,,,,,,,,,,,,,,,,,,0,0,0,0,0
denizli,2014,698884.0,647355.0,613195.0,2870.0,632.0,255.0,,237751.0,277178.0,3999.0,72638.0,,6404.0,653.0,813.0,,168.0,,968.0,490.0,5450.0,0.0,375.0,0.0,0.0,,1301.0,,,,,,,,0.0,,0.0,0.0,634.0,616.0,0.0,0.0,0.0,,,,,,,,,,0.9262695955265824,,,,,,,,,,,,,,,2009.0,akp,,0,municipality,,,,,,,,,,,,,,,,,,,,,,,,,,,,0,0,0,0,0
diyarbakir,2014,924677.0,760516.0,720619.0,6593.0,5789.0,0.0,,8610.0,252065.0,0.0,4677.0,,0.0,467.0,313.0,,0.0,,506.0,3188.0,7099.0,397148.0,0.0,0.0,0.0,,405.0,,,,,,,,0.0,,33256.0,0.0,503.0,0.0,0.0,0.0,0.0,,,,,,,,,,0.8224666559241768,,,,,,,,,,,,,,,2009.0,bdp,dtp,1,municipality,,,,,,,,,,,,,,,,,,,,,,,,,,,,0,0,0,0,0
erzurum,2014,483198.0,416732.0,402555.0,9331.0,864.0,0.0,,6297.0,236886.0,1291.0,116494.0,,0.0,0.0,1108.0,,0.0,,214.0,529.0,3644.0,25096.0,0.0,0.0,0.0,,308.0,,,,,,,,0.0,,0.0,0.0,0.0,493.0,0.0,0.0,0.0,,,,,,,,,,0.862445622705392,,,,,,,,,,,,,,,2009.0,akp,akp,0,municipality,,,,,,,,,,,,,,,,,,,,,,,,,,,,0,0,0,0,0
eskisehir,2014,602309.0,546580.0,524710.0,4638.0,513.0,0.0,,237414.0,204906.0,2985.0,58746.0,,3493.0,2073.0,425.0,,143.0,,0.0,335.0,6697.0,0.0,374.0,0.0,0.0,,641.0,,,,,,,,0.0,,0.0,0.0,0.0,397.0,0.0,0.0,930.0,,,,,,,,,,0.9074744026737108,,,,,,,,,,,,,,,2009.0,chp,dsp,1,municipality,,,,,,,,,,,,,,,,,,,,,,,,,,,,0,0,0,0,0
gaziantep,2014,1092935.0,935600.0,898658.0,25266.0,2569.0,0.0,,192986.0,490398.0,7807.0,106881.0,,0.0,879.0,1192.0,,0.0,,0.0,1235.0,9612.0,55911.0,720.0,0.0,0.0,,2130.0,,,,,,,,0.0,,0.0,0.0,0.0,1072.0,0.0,0.0,0.0,,,,,,,,,,0.8560435890514989,,,,,,,,,,,,,,,2009.0,akp,akp,0,municipality,,,,,,,,,,,,,,,,,,,,,,,,,,,,0,0,0,0,0
hatay,2014,968877.0,864537.0,839505.0,7012.0,878.0,0.0,,344301.0,339411.0,0.0,129400.0,,11194.0,587.0,513.0,,0.0,,0.0,434.0,2334.0,0.0,865.0,0.0,0.0,,319.0,,,,,,,,0.0,,0.0,0.0,0.0,635.0,0.0,0.0,1622.0,,,,,,,,,,0.8923083115813463,,,,,,,,,,,,,,,2009.0,chp,,0,municipality,,,,,,,,,,,,,,,,,,,,,,,,,,,,0,0,0,0,0
icel,2014,1186769.0,1061530.0,1014978.0,6479.0,1870.0,0.0,,287561.0,284273.0,2705.0,324257.0,,0.0,738.0,0.0,,520.0,,1757.0,658.0,3967.0,97957.0,517.0,0.0,0.0,,798.0,,,,,,,,0.0,,0.0,0.0,0.0,921.0,0.0,0.0,0.0,,,,,,,,,,0.8944706172810378,,,,,,,,,,,,,,,2009.0,mhp,chp,1,municipality,,,,,,,,,,,,,,,,,,,,,,,,,,,,0,0,0,0,0
istanbul,2014,10002256.0,8941326.0,8553814.0,122950.0,10717.0,7524.0,,3428454.0,4101906.0,5604.0,339785.0,,414290.0,7221.0,3921.0,,1430.0,,15275.0,7371.0,47514.0,0.0,2311.0,0.0,0.0,,2344.0,,,,,,,,0.0,,0.0,0.0,0.0,4352.0,0.0,16614.0,14231.0,,,,,,,,,,0.8939309291823765,,,,,,,,,,,,,,,2009.0,akp,akp,0,municipality,,,,,,,,,,,,,,,,,,,,,,,,,,,,0,0,0,0,0
izmir,2014,3032175.0,2740602.0,2637550.0,13813.0,2951.0,2246.0,,1308134.0,947516.0,4559.0,210272.0,,88797.0,13979.0,1814.0,,549.0,,10755.0,2140.0,12735.0,0.0,940.0,0.0,0.0,,2247.0,,,,,,,,0.0,,0.0,0.0,2160.0,2407.0,0.0,3204.0,6332.0,,,,,,,,,,0.9038403126468624,,,,,,,,,,,,,,,2009.0,chp,chp,0,municipality,,,,,,,,,,,,,,,,,,,,,,,,,,,,0,0,0,0,0
kayseri,2014,877377.0,795638.0,765168.0,13173.0,1143.0,0.0,,68141.0,450748.0,2285.0,206569.0,,2633.0,0.0,849.0,,200.0,,478.0,609.0,16684.0,0.0,500.0,0.0,0.0,,438.0,,,,,,,,0.0,,0.0,0.0,0.0,718.0,0.0,0.0,0.0,,,,,,,,,,0.906837083716578,,,,,,,,,,,,,,,2009.0,akp,akp,0,municipality,,,,,,,,,,,,,,,,,,,,,,,,,,,,0,0,0,0,0
kocaeli,2014,1178676.0,1075800.0,1025139.0,50873.0,1441.0,0.0,,268150.0,518639.0,3570.0,144029.0,,24235.0,968.0,883.0,,225.0,,925.0,896.0,6528.0,0.0,547.0,0.0,0.0,,654.0,,,,,,,,0.0,,0.0,0.0,0.0,750.0,0.0,0.0,1826.0,,,,,,,,,,0.9127190169308614,,,,,,,,,,,,,,,2009.0,akp,akp,0,municipality,,,,,,,,,,,,,,,,,,,,,,,,,,,,0,0,0,0,0
konya,2014,1402056.0,1265031.0,1206204.0,90115.0,1402.0,0.0,,69272.0,775164.0,4559.0,222640.0,,0.0,684.0,1253.0,,0.0,,1210.0,1406.0,10531.0,23490.0,982.0,0.0,0.0,,962.0,,,,,,,,0.0,,0.0,0.0,0.0,1309.0,0.0,0.0,1225.0,,,,,,,,,,0.9022685256509012,,,,,,,,,,,,,,,2009.0,akp,akp,0,municipality,,,,,,,,,,,,,,,,,,,,,,,,,,,,0,0,0,0,0
malatya,2014,524621.0,457515.0,444973.0,43984.0,781.0,0.0,,79006.0,274185.0,0.0,34090.0,,6996.0,227.0,780.0,,50.0,,396.0,360.0,2134.0,0.0,1480.0,0.0,0.0,,191.0,,,,,,,,0.0,,0.0,0.0,0.0,313.0,0.0,0.0,0.0,,,,,,,,,,0.8720867064032892,,,,,,,,,,,,,,,2009.0,akp,,0,municipality,,,,,,,,,,,,,,,,,,,,,,,,,,,,0,0,0,0,0
manisa,2014,996258.0,928454.0,884968.0,6800.0,1334.0,0.0,,161770.0,324903.0,3522.0,354944.0,,21790.0,834.0,0.0,,0.0,,982.0,912.0,4355.0,0.0,589.0,0.0,0.0,,1046.0,,,,,,,,0.0,,0.0,0.0,0.0,1187.0,0.0,0.0,0.0,,,,,,,,,,0.9319413244360396,,,,,,,,,,,,,,,2009.0,mhp,,0,municipality,,,,,,,,,,,,,,,,,,,,,,,,,,,,0,0,0,0,0
kahramanmaras,2014,685013.0,617006.0,594803.0,7441.0,762.0,0.0,,37573.0,349891.0,1241.0,181180.0,,7740.0,0.0,0.0,,0.0,,395.0,498.0,6860.0,0.0,294.0,0.0,0.0,,286.0,,,,,,,,0.0,,0.0,0.0,0.0,642.0,0.0,0.0,0.0,,,,,,,,,,0.9007215921449666,,,,,,,,,,,,,,,2009.0,akp,,0,municipality,,,,,,,,,,,,,,,,,,,,,,,,,,,,0,0,0,0,0
mardin,2014,429381.0,360151.0,346133.0,8851.0,7084.0,0.0,,3177.0,129325.0,0.0,3236.0,,0.0,217.0,180697.0,,290.0,,323.0,767.0,4074.0,0.0,0.0,0.0,0.0,,275.0,,,,,,,,0.0,,7817.0,0.0,0.0,0.0,0.0,0.0,0.0,,,,,,,,,,0.8387679007687812,,,,,,,,,,,,,,,2009.0,bgmz,,0,municipality,,,,,,,,,,,,,,,,,,,,,,,,,,,,0,0,0,0,0
mugla,2014,641464.0,581694.0,555390.0,2089.0,800.0,0.0,,272803.0,160937.0,0.0,100035.0,,8707.0,0.0,0.0,,250.0,,0.0,613.0,2788.0,0.0,1028.0,0.0,0.0,,4760.0,,,,,,,,0.0,,0.0,0.0,0.0,580.0,0.0,0.0,0.0,,,,,,,,,,0.9068225184889566,,,,,,,,,,,,,,,2009.0,chp,,0,municipality,,,,,,,,,,,,,,,,,,,,,,,,,,,,0,0,0,0,0
ordu,2014,535833.0,465633.0,440656.0,4529.0,660.0,0.0,,150429.0,239717.0,1510.0,35879.0,,1083.0,1841.0,599.0,,0.0,,0.0,0.0,3743.0,0.0,0.0,0.0,0.0,,0.0,,,,,,,,0.0,,0.0,0.0,0.0,666.0,0.0,0.0,0.0,,,,,,,,,,0.8689890320305022,,,,,,,,,,,,,,,2009.0,akp,,0,municipality,,,,,,,,,,,,,,,,,,,,,,,,,,,,0,0,0,0,0
sakarya,2014,651613.0,596154.0,571968.0,17606.0,597.0,354.0,,52869.0,331138.0,2110.0,153192.0,,4659.0,403.0,1246.0,,126.0,,455.0,534.0,4216.0,0.0,0.0,0.0,0.0,,490.0,,,,,,,,0.0,,0.0,0.0,424.0,610.0,0.0,0.0,939.0,,,,,,,,,,0.9148896661054952,,,,,,,,,,,,,,,2009.0,akp,akp,0,municipality,,,,,,,,,,,,,,,,,,,,,,,,,,,,0,0,0,0,0
samsun,2014,907487.0,810372.0,770285.0,13806.0,883.0,0.0,,122312.0,422373.0,3418.0,194246.0,,1555.0,673.0,916.0,,323.0,,785.0,0.0,4136.0,0.0,613.0,0.0,0.0,,918.0,,,,,,,,0.0,,0.0,0.0,803.0,985.0,0.0,0.0,1540.0,,,,,,,,,,0.8929846928936723,,,,,,,,,,,,,,,2009.0,akp,akp,0,municipality,,,,,,,,,,,,,,,,,,,,,,,,,,,,0,0,0,0,0
tekirdag,2014,635473.0,576799.0,550376.0,3171.0,535.0,0.0,,251817.0,204353.0,3040.0,69717.0,,9477.0,2285.0,343.0,,119.0,,877.0,331.0,3618.0,0.0,267.0,0.0,0.0,,0.0,,,,,,,,0.0,,0.0,0.0,0.0,426.0,0.0,0.0,0.0,,,,,,,,,,0.907668775856724,,,,,,,,,,,,,,,2009.0,chp,,0,municipality,,,,,,,,,,,,,,,,,,,,,,,,,,,,0,0,0,0,0
trabzon,2014,552194.0,478707.0,461027.0,12871.0,1522.0,0.0,,114807.0,273812.0,0.0,51349.0,,473.0,239.0,634.0,,127.0,,330.0,0.0,2236.0,0.0,672.0,0.0,0.0,,961.0,,,,,,,,0.0,,0.0,0.0,474.0,520.0,0.0,0.0,0.0,,,,,,,,,,0.8669181483319268,,,,,,,,,,,,,,,2009.0,akp,,0,municipality,,,,,,,,,,,,,,,,,,,,,,,,,,,,0,0,0,0,0
sanliurfa,2014,935583.0,813950.0,784419.0,17760.0,3333.0,0.0,,6812.0,483407.0,0.0,18657.0,,0.0,331.0,0.0,,1197.0,,331.0,1092.0,4110.0,239563.0,1231.0,0.0,0.0,,0.0,,,,,,,,0.0,,6595.0,0.0,0.0,0.0,0.0,0.0,0.0,,,,,,,,,,0.8699922935752359,,,,,,,,,,,,,,,2009.0,akp,,0,municipality,,,,,,,,,,,,,,,,,,,,,,,,,,,,0,0,0,0,0
van,2014,577899.0,473174.0,450965.0,5938.0,3241.0,0.0,,3502.0,185783.0,1892.0,3352.0,,0.0,0.0,0.0,,0.0,,382.0,1397.0,2362.0,239861.0,0.0,0.0,0.0,,0.0,,,,,,,,0.0,,3255.0,0.0,0.0,0.0,0.0,0.0,0.0,,,,,,,,,,0.8187832129835836,,,,,,,,,,,,,,,2009.0,bdp,,0,municipality,,,,,,,,,,,,,,,,,,,,,,,,,,,,0,0,0,0,0
adana,1999,629778.0,507265.0,479558.0,,,,,53458.0,,977.0,71802.0,,,96126.0,,126635.0,706.0,2452.0,664.0,,1356.0,,919.0,2816.0,738.0,,19985.0,,,,,,,,,,,,,,,,,929.0,497.0,,,52473.0,41832.0,283.0,5009.0,,0.8054663706893539,,,,,,,,,,,,,,,1994.0,anap,rp,1,municipality,,,,,,,,,,,,,,,,,,,,,,,,,,,,0,0,0,0,0
ankara,1999,1924115.0,1690527.0,1602528.0,,,,,512083.0,,,189400.0,,,169490.0,,106540.0,2611.0,3620.0,1706.0,,9312.0,,2375.0,6315.0,1691.0,,42128.0,,,,1021.0,,,,,,,,,,,,,2194.0,,,,541515.0,9631.0,896.0,,,0.8785997718431591,,,,,,,,,,,,,,,1994.0,fp,rp,1,municipality,,,,,,,,,,,,,,,,,,,,,,,,,,,,0,0,0,0,0
antalya,1999,336572.0,271847.0,260989.0,,,,,57275.0,,,44893.0,,,48347.0,,28813.0,,1277.0,306.0,,928.0,,544.0,1169.0,184.0,,48521.0,,,,,,,,,,,,,,,,,494.0,,,,17544.0,10463.0,231.0,,,0.8076934504355681,,,,,,,,,,,,,,,1994.0,chp,dyp,1,municipality,,,,,,,,,,,,,,,,,,,,,,,,,,,,0,0,0,0,0
bursa,1999,703153.0,623054.0,591465.0,,,,,15620.0,,,44647.0,,,171157.0,,122319.0,2761.0,4798.0,658.0,,2418.0,,1040.0,3779.0,,,116231.0,,,,721.0,,,,,,,,,,,,,1001.0,,,,94018.0,8263.0,551.0,1483.0,,0.8860859585324957,,,,,,,,,,,,,,,1994.0,dsp,anap,1,municipality,,,,,,,,,,,,,,,,,,,,,,,,,,,earthquake,1,0,1,0,0
diyarbakir,1999,237798.0,174849.0,166329.0,,,,,2313.0,,957.0,1435.0,,,3964.0,,5810.0,,1029.0,179.0,,748.0,,,,,,3771.0,,,,,,,,,,,,,,,,,,1312.0,206.0,,40415.0,103924.0,266.0,,,0.7352837282062927,,,,,,,,,,,,,,,1994.0,hadep,rp,1,municipality,,,,,,,,,,,,,,,,,,,,,,,,,,,,0,0,0,0,0
erzurum,1999,157550.0,125922.0,119845.0,,,,,3625.0,,,43626.0,,,4942.0,,7078.0,998.0,309.0,229.0,,4241.0,,,,,,22871.0,,,,536.0,,,,,,,,,,,,,,,,,31390.0,,,,,0.7992510314185973,,,,,,,,,,,,,,,1994.0,mhp,rp,1,municipality,,,,,,,,,,,,,,,,,,,,,,,,,,,,0,0,0,0,0
eskisehir,1999,313487.0,285372.0,272812.0,,,,,10281.0,,597.0,23195.0,,,116979.0,,26087.0,,1602.0,269.0,,1022.0,,467.0,906.0,,,65012.0,,,,,,,,,,,,,,,,,,,,,25267.0,907.0,221.0,,,0.9103152602819256,,,,,,,,,,,,,,,1994.0,dsp,dyp,1,municipality,,,,,,,,,,,,,,,,,,,,,,,,,,,,0,0,0,0,0
gaziantep,1999,396478.0,322718.0,303419.0,,,,,97015.0,,,41176.0,,,40731.0,,19213.0,,1004.0,505.0,,3536.0,,924.0,970.0,430.0,,14519.0,,,,406.0,,,,,,,,,,,,,,,,,62220.0,18755.0,242.0,1773.0,,0.8139619348362329,,,,,,,,,,,,,,,1994.0,chp,shp,1,municipality,,,,,,,,,,,,,,,,,,,,,,,,,,,,0,0,0,0,0
icel,1999,292800.0,228486.0,215615.0,,,,,39758.0,,,39213.0,,,41726.0,,27380.0,,984.0,309.0,,816.0,,620.0,1288.0,281.0,,9829.0,,,,,,,,,,,,,,,,,1004.0,203.0,,341.0,14000.0,37693.0,170.0,,,0.7803483606557376,,,,,,,,,,,,,,,1994.0,dsp,anap,1,municipality,,,,,,,,,,,,,,,,,,,,,,,,,,,,0,0,0,0,0
istanbul,1999,5521300.0,4573976.0,4368656.0,,,,,607895.0,,,320734.0,,,882923.0,,977920.0,9995.0,7232.0,5072.0,,23010.0,,4462.0,23864.0,5729.0,,165114.0,,,,2849.0,,,,,,,,,,,,,8754.0,,,,1202050.0,114339.0,2864.0,3850.0,,0.8284237407856845,,,,,,,,,,,,,,,1994.0,fp,rp,1,municipality,,,,,,,,,,,,,,,,,,,,,,,,,,,earthquake,1,0,1,0,0
izmir,1999,1469795.0,1265035.0,1206091.0,,,,,217337.0,,2099.0,82140.0,,,367553.0,,230673.0,2785.0,2285.0,1712.0,,,,1288.0,7470.0,2115.0,,197169.0,,,,,,,,,,,,,,,,,2451.0,,,,41200.0,45559.0,1036.0,1219.0,,0.8606880551369409,,,,,,,,,,,,,,,1994.0,dsp,dyp,1,municipality,,,,,,,,,,,,,,,,,,,,,,,,,,,,0,0,0,0,0
kayseri,1999,302251.0,257028.0,246926.0,,,,,11701.0,,,65581.0,,,38828.0,,12728.0,,511.0,262.0,,4977.0,,638.0,430.0,189.0,,11996.0,,,,243.0,,,,,,,,,,,,,,,,,96289.0,2396.0,157.0,,,0.8503793204985259,,,,,,,,,,,,,,,1994.0,fp,rp,1,municipality,,,,,,,,,,,,,,,,,,,,,,,,,,,,0,0,0,0,0
kocaeli,1999,141169.0,122624.0,116213.0,,,,,46747.0,,,6304.0,,,12809.0,,7454.0,,,80.0,,797.0,,300.0,375.0,108.0,,9101.0,,,,,,,,,,,,,,,,,,,,,31359.0,690.0,89.0,,,0.8686326318101,,,,,,,,,,,,,,,1994.0,chp,shp,1,municipality,,,,,,,,,,,,,,,,,,,,,,,,,,,earthquake,1,0,1,0,0
konya,1999,363921.0,321929.0,310116.0,,,,,6320.0,,,82008.0,,,15537.0,,12801.0,491.0,969.0,388.0,,5008.0,,1073.0,414.0,,,30630.0,,,,,,,,,,,,,,,,,,,,,150515.0,3703.0,259.0,,,0.8846123197067496,,,,,,,,,,,,,,,1994.0,fp,rp,1,municipality,,,,,,,,,,,,,,,,,,,,,,,,,,,,0,0,0,0,0
samsun,1999,219146.0,183223.0,172790.0,,,,,42080.0,,,23543.0,,,,,48330.0,939.0,3322.0,299.0,,1746.0,,333.0,1090.0,,,13037.0,,,,,,,,,,,,,,,,,,,,,37831.0,,240.0,,,0.8360773183174687,,,,,,,,,,,,,,,1994.0,anap,chp,1,municipality,,,,,,,,,,,,,,,,,,,,,,,,,,,,0,0,0,0,0
adana,1989,435602.0,294847.0,280501.0,,,,,,,,,,,,,,,,,,,,,,,,,,,,,,,,,,,,,,,,,,,,,,,,,,0.6768724661502932,80810.0,28.8,16770.0,5.9,53113.0,18.9,1420.0,0.5,2899.0,1.0,12933.0,4.6,112556.0,40.1,,shp,,0,municipality,,,,,,,,,,,,,,,,,,,,,,,,,,,,0,0,0,0,0
ankara,1989,1382505.0,1126031.0,1074252.0,,,,,,,,,,,,,,,,,,,,,,,,,,,,,,,,,,,,,,,,,,,,,,,,533.0,0.0,0.8144860235586852,216485.0,20.1,53776.0,5.0,218893.0,20.3,5554.0,0.5,41694.0,3.8,62968.0,5.8,474349.0,44.1,,shp,,0,municipality,,,,,,,,,,,,,,,,,,,,,,,,,,,,0,0,0,0,0
bursa,1989,436322.0,341254.0,323121.0,,,,,,,,,,,,,,,,,,,,,,,,,,,,,,,,,,,,,,,,,,,,,,,,202.0,0.0,0.7821150434770651,62983.0,19.4,41376.0,12.8,103893.0,32.1,1959.0,0.6,5905.0,1.8,27787.0,8.5,79016.0,24.4,,dyp,,0,municipality,,,,,,,,,,,,,,,,,,,,,,,,,,,,0,0,0,0,0
gaziantep,1989,238879.0,176703.0,167086.0,,,,,,,,,,,,,,,,,,,,,,,,,,,,,,,,,,,,,,,,,,,,,,,,30.0,0.0,0.7397175976121803,22406.0,13.4,6264.0,3.7,52407.0,31.3,1098.0,0.6,3743.0,2.2,11815.0,7.0,69323.0,41.4,,shp,,0,municipality,,,,,,,,,,,,,,,,,,,,,,,,,,,,0,0,0,0,0
istanbul,1989,3520723.0,2393003.0,2277364.0,,,,,,,,,,,,,,,,,,,,,,,,,,,,,,,,,,,,,,,,,,,,,,,,1614.0,0.0,0.6796907907835976,594845.0,26.1,278294.0,12.2,315591.0,13.8,7241.0,0.3,22278.0,0.9,238745.0,10.4,818756.0,35.9,,shp,,0,municipality,,,,,,,,,,,,,,,,,,,,,,,,,,,,0,0,0,0,0
izmir,1989,981771.0,727077.0,698389.0,,,,,,,,,,,,,,,,,,,,,,,,,,,,,,,,,,,,,,,,,,,,,,,,,,0.7405769777269852,169672.0,24.2,39186.0,5.6,97183.0,13.9,2227.0,0.3,5326.0,0.7,18815.0,2.6,365980.0,52.4,,shp,,0,municipality,,,,,,,,,,,,,,,,,,,,,,,,,,,,0,0,0,0,0
kayseri,1989,202819.0,147467.0,139952.0,,,,,,,,,,,,,,,,,,,,,,,,,,,,,,,,,,,,,,,,,,,,,,,,,,0.7270867127833192,37059.0,26.4,6589.0,4.7,32230.0,23.0,904.0,0.6,9118.0,6.5,15216.0,10.8,38836.0,27.7,,shp,,0,municipality,,,,,,,,,,,,,,,,,,,,,,,,,,,,0,0,0,0,0
konya,1989,251975.0,192424.0,183911.0,,,,,,,,,,,,,,,,,,,,,,,,,,,,,,,,,,,,,,,,,,,,,,,,,,0.7636630618116876,31091.0,16.9,7282.0,3.9,44568.0,24.2,1022.0,0.5,8033.0,4.3,76621.0,41.6,15294.0,8.3,,rp,,0,municipality,,,,,,,,,,,,,,,,,,,,,,,,,,,,0,0,0,0,0
antep,2018,1214503.0,1039392.0,1019525.0,12576.0,,,2031.0,158769.0,540735.0,,133202.0,70179.0,124858.0,,0.0,,,,,,,,,,,,,,,,,,,,,,8743.0,,,,,,,,,,,,,,,,85.6,,,,,,,,,,,,,,,2015_2,akp,akp,0,parlimentary,,,,,,,,,,,,,,,,,,,,,,,,,,,,0,0,0,0,0
antep,2015_1,1138374.0,955727.0,942205.0,5982.0,925.0,,1220.0,157344.0,595708.0,814.0,91997.0,,103249.0,393.0,126.0,,641.0,,,1957.0,5122.0,,396.0,,,,9.0,,,,,,,,,,,,,1257.0,,,,,,,,,,,,,84.0,,,,,,,,,,,,,,,2011,akp,akp,0,parlimentary,,,,,,1068.0,,,,,,,,,,,,,,,,,,,,,,0,0,0,0,0
antep,2015_2,1130109.0,931622.0,912330.0,19157.0,2454.0,,1632.0,152798.0,438958.0,1371.0,165917.0,,142951.0,1641.0,0.0,,581.0,,,975.0,,,439.0,,,,26.0,,,,,,,,,,,,2215.0,1231.0,,4.0,,,,,,,,,,,82.4,,,,,,,,,,,,,,,2015_1,akp,akp,0,parlimentary,333.0,12.0,,,,196.0,,,497.0,,,,,,,,,,,,,,,,,,,0,0,0,0,0
antep,2011,1003541.0,843849.0,825656.0,8270.0,,1336.0,,159961.0,510923.0,5341.0,77836.0,,,2085.0,44610.0,,0.0,,,,7828.0,,1188.0,,0.0,,0.0,,,,,,,,,,,,,,,,1556.0,,,,,,,,,,84.1,,,,,,,,,,,,,,,2007,akp,akp,0,parlimentary,,,6779.0,,,,,,,528.0,,,,,,,,,,,,,,,,,refugee ,1,0,0,0,1
antep,2007,696510.0,563526.0,550000.0,7844.0,4042.0,1407.0,,97271.0,328120.0,13286.0,63030.0,,,,27965.0,,,,1474.0,,,,,622.0,,2197.0,,,,,,,,,6485.0,,,,,,,,,,,,,,,,,,80.9,,,,,,,,,,,,,,,2002,akp,akp,0,parlimentary,,,,,,,,,,,,,,,,,,,,,,,,,,,,0,0,0,0,0
antep,2002,683464.0,499109.0,482699.0,10512.0,5431.0,692.0,,93033.0,193995.0,,33617.0,,,3168.0,123.0,21196.0,867.0,,2148.0,,8065.0,,1126.0,1070.0,,,30781.0,,,,,,,,34839.0,3065.0,,,,,,1984.0,,,,38737.0,,,,,,,73.0,,,,,,,,,,,,,,,1999,akp,mhp,1,parlimentary,,,,,,,,,,,,,,,,,,,,,,,,,,,,0,0,0,0,0
antep,1999,618027.0,521970.0,496114.0,,,,,69568.0,,1243.0,99444.0,,,97025.0,1094.0,49369.0,1259.0,4248.0,838.0,,8674.0,,1110.0,2456.0,638.0,,51323.0,,,,609.0,,,,,,,,,,,,,1348.0,,,384.0,78822.0,27238.0,453.0,,,84.5,,,,,,,,,,,,,,,1995,mhp,rp,1,parlimentary,,,,,,,,,,,,,,,,,,,,,,,,,,,,0,0,0,0,0
antep,1995,539688.0,438763.0,420925.0,,,,,44108.0,,,42758.0,,,68413.0,998.0,71857.0,,,908.0,,,,1792.0,,,,57678.0,100286.0,,,1814.0,,,,,,,,,,,,,,,,,,28115.0,,,,81.3,,,,,,,,,,,,,,,1991,rp,shp,1,parlimentary,,,,,,,,,,,,2980.0,518.0,,,,,,,,,,,,,,,0,0,0,0,0
antep,1991,512598.0,412995.0,401599.0,,,,,,,,,,,28820.0,,77296.0,,,,,,,,,,,110579.0,71270.0,,112777.0,,,,,,,,,,,,,,,,,,,,,,,80.6,,,,,,,,,,,,,,,1987,shp,anap,1,parlimentary,,,,,,,,,,,1602.0,,,,,,,,,,,,,,,,,0,0,0,0,0
antep,1987,438776.0,415052.0,403516.0,,,,,,,,,,,21442.0,,147244.0,,,,,,,,,,,67553.0,26023.0,,125853.0,,,,,,,,,,,,,,,,,,,,,,,94.6,,,,,,,,,,,,,,,1983,anap,anap,0,parlimentary,,,,,3222.0,,12987.0,,,,,,,,,,,,,,,,,,,,,0,0,0,0,0
antep,1983,324258.0,292194.0,276079.0,,,,,,,,,,,,,115097.0,,,,,,,,,,,,,,,,,,,,,,,,,,,,,,,,,,,,,90.1,,,,,,,,,,,,,,,1977,anap,chp,1,parlimentary,,,,95011.0,,,,65971.0,,,,,,,,,,,,,,,,,,,,0,0,0,0,0
urfa,2018,1060815.0,864333.0,843861.0,11218.0,,,997.0,33791.0,458246.0,,80810.0,16174.0,251779.0,,3448.0,,,,,,,,,,,,,,,,,,,,,,13528.0,,,,,,,,,,,,,,,,81.5,,,,,,,,,,,,,,,2015_2,akp,akp,0,parlimentary,,,,,,,,,,,,,,,,,,,,,,,,,,,,0,0,0,0,0
urfa,2015_1,976961.0,818358.0,803885.0,3091.0,389.0,,397.0,25328.0,531554.0,515.0,23669.0,,232846.0,188.0,222.0,,29.0,,,1124.0,3241.0,,122.0,,,,330.0,,,,,,,,,,,,,1460.0,,,,,,,,,,,,,83.8,,,,,,,,,,,,,,,2011,akp,akp,0,parlimentary,,,,,,1568.0,,,,,,,,,,,,,,,,,,,,,,0,0,0,0,0
urfa,2015_2,974219.0,781449.0,763380.0,7866.0,1965.0,,506.0,34309.0,365329.0,742.0,44111.0,,297417.0,1326.0,24500.0,,7.0,,,1412.0,,,201.0,,,,22.0,,,,,,,,,,,,15.0,797.0,,3.0,,,,,,,,,,,80.2,,,,,,,,,,,,,,,2015_1,akp,akp,0,parlimentary,321.0,10.0,,,,137.0,,,5.0,,,,,,,,,,,,,,,,,,,0,0,0,0,0
urfa,2011,849100.0,697412.0,676554.0,3382.0,,1235.0,,21777.0,430453.0,1743.0,22357.0,,,700.0,182915.0,,0.0,,,,6220.0,,426.0,,0.0,,598.0,,,,,,,,,,,,,,,,0.0,,,,,,,,,,82.1,,,,,,,,,,,,,,,2007,akp,akp,0,parlimentary,,,5925.0,,,,,,,555.0,,,,,,,,,,,,,,,,,refugee ,1,0,0,0,1
urfa,2007,553377.0,453207.0,444915.0,9830.0,2090.0,854.0,,21271.0,267525.0,28302.0,24084.0,,,,90127.0,,,,484.0,,,,,,,1351.0,,,,,,,,,1588.0,,,,,,,,,,,,,,,,,,81.9,,,,,,,,,,,,,,,2002,akp,akp,0,parlimentary,,,,,,,,,,,,,,,,,,,,,,,,,,,,0,0,0,0,0
urfa,2002,570168.0,446163.0,432230.0,19728.0,1280.0,259.0,,42946.0,99331.0,,34442.0,,,3010.0,19014.0,44407.0,380.0,,480.0,,2573.0,,610.0,576.0,,,71507.0,,,,,,,,7406.0,1086.0,,,,,,1043.0,,,,83600.0,,,,,,,78.3,,,,,,,,,,,,,,,1999,akp,dyp,1,parlimentary,,,,,,,,,,,,,,,,,,,,,,,,,,,,0,0,0,0,0
urfa,1999,518259.0,445058.0,421454.0,,,,,25530.0,,,35864.0,,,19392.0,25.0,59001.0,599.0,7707.0,486.0,,5903.0,,1165.0,967.0,677.0,,100394.0,,,,890.0,,,,,,,,,,,,,1241.0,689.0,,824.0,90387.0,69900.0,543.0,,,85.9,,,,,,,,,,,,,,,1995,dyp,rp,1,parlimentary,,,,,,,,,,,,,,,,,,,,,,,,,,,,0,0,0,0,0
urfa,1995,444468.0,364441.0,350647.0,,,,,7926.0,,,13138.0,,,6822.0,29640.0,60090.0,,,421.0,,,,1979.0,,,,88071.0,92095.0,,,1015.0,,,,,,,,,,,,,,,,,,48265.0,,,,82.0,,,,,,,,,,,,,,,1991,rp,dyp,1,parlimentary,,,,,,,,,,,,1843.0,426.0,,,,,,,,,,,,,,,0,0,0,0,0
urfa,1991,366685.0,294917.0,286597.0,,,,,,,,,,,7598.0,,76270.0,,,,,,,,,,,89984.0,52953.0,,59365.0,,,,,,,,,,,,,,,,,,,,,,,80.4,,,,,,,,,,,,,,,1987,dyp,anap,1,parlimentary,,,,,,,,,,,959.0,,,,,,,,,,,,,,,,,0,0,0,0,0
urfa,1987,311110.0,286568.0,270303.0,,,,,,,,,,,18421.0,27605.0,97597.0,,,,,,,,,,,50104.0,32237.0,,40509.0,,,,,,,,,,,,,,,,,,,,,,,92.1,,,,,,,,,,,,,,,1983,anap,mdp,1,parlimentary,,,,,1651.0,,2721.0,,,,,,,,,,,,,,,,,,,,,0,0,0,0,0
urfa,1983,207257.0,170397.0,158707.0,,,,,,,,,,,,,54678.0,,,,,,,,,,,,,,,,,,,,,,,,,,,,,,,,,,,,,82.2,,,,,,,,,,,,,,,1977,mdp,chp,1,parlimentary,,,,43747.0,,,,60282.0,,,,,,,,,,,,,,,,,,,,0,0,0,0,0
istanbul,2018,10559686.0,9304207.0,9155118.0,139870.0,,,18843.0,2498564.0,4029418.0,,779942.0,755397.0,1195523.0,,4080.0,,,,,,,,,,,,,,,,,,,,,,16956.0,,,,,,,,,,,,,,,,88.1,,,,,,,,,,,,,,,2015_2,akp,akp,0,parlimentary,,,,,,,,,,,,,,,,,,,,,,,,,,,,0,0,0,0,0
istanbul,2015_1,10312538.0,9093756.0,8989092.0,69177.0,7615.0,,24826.0,2777219.0,4521325.0,5005.0,790248.0,,949951.0,5170.0,2510.0,,7765.0,,,18528.0,36615.0,,2425.0,,,,88.0,,,,,,,,,,,,,9256.0,,,,,,,,,,,,,88.2,,,,,,,,,,,,,,,2011,akp,akp,0,parlimentary,,,,,,9473.0,,,,,,,,,,,,,,,,,,,,,,0,0,0,0,0
istanbul,2015_2,10231703.0,8832058.0,8295578.0,180712.0,15303.0,,36101.0,2473160.0,3489402.0,4674.0,936272.0,,1069665.0,12290.0,216830.0,,4467.0,,,7164.0,,,1757.0,,,,3668.0,,,,,,,,,,,,15361.0,7224.0,,1755.0,,,,,,,,,,,86.3,,,,,,,,,,,,,,,2015_1,akp,akp,0,parlimentary,4568.0,109.0,,,,3528.0,,,3039.0,,,,,,,,,,,,,,,,,,,0,0,0,0,0
istanbul,2011,9397323.0,8132340.0,7936607.0,129030.0,,16626.0,,2492910.0,3931210.0,33122.0,747666.0,,,19489.0,425417.0,,3364.0,,,,50023.0,,14831.0,,0.0,,2759.0,,,,,,,,,,,,,,,,32740.0,,,,,,,,,,86.5,,,,,,,,,,,,,,,2007,akp,akp,0,parlimentary,,,57399.0,,,,,,,4321.0,,,,,,,,,,,,,,,,,,0,0,0,0,0
istanbul,2007,7406297.0,6072068.0,5729858.0,175213.0,22081.0,12418.0,,1556518.0,2604343.0,177186.0,602093.0,,,,338548.0,,3106.0,,18471.0,,,,,,,22389.0,,,,,,,,17272.0,217089.0,,,,,,,,,,,,,,,,,,82.0,,,,,,,,,,,,,,,2002,akp,akp,0,parlimentary,,,,,,,,,,,,,,,,,,,,,,,,,,,,0,0,0,0,0
istanbul,2002,7159151.0,5419062.0,5205166.0,197795.0,25602.0,13251.0,,1257330.0,1943776.0,,263208.0,,,59842.0,2964.0,238777.0,21006.0,,31552.0,,41359.0,,5664.0,20735.0,,,189373.0,,,,,,,,429475.0,103071.0,,,,,,92293.0,,,,287953.0,,,,,,,75.7,,,,,,,,,,,,,,,1999,akp,dsp,1,parlimentary,,,,,,,,,,,,,,,,,,,,,,,,,,,,0,0,0,0,0
istanbul,1999,6134811.0,5143911.0,4932304.0,,,,,472385.0,,11517.0,498745.0,,,1466438.0,3544.0,780518.0,16613.0,14162.0,6530.0,,50342.0,,5693.0,58713.0,7058.0,,268932.0,,,,4578.0,,,,,,,,,,,,,11927.0,5255.0,,4291.0,1052738.0,199388.0,4388.0,,,83.8,,,,,,,,,,,,,,,1995,dsp,rp,1,parlimentary,,,,,,,,,,,,,,,,,,,,,,,,,,,earthquake,1,0,1,0,0
istanbul,1995,5243739.0,4319315.0,4157617.0,,,,,485551.0,,,154405.0,,,764258.0,4891.0,916512.0,,,8223.0,,,,12652.0,,,,641825.0,997935.0,,,7879.0,,,,,,,,,,,,,,,,,,151737.0,,,,82.4,,,,,,,,,,,,,,,1991,rp,anap,1,parlimentary,,,,,,,,,,,,19893.0,4698.0,,,,,,,,,,,,,,,0,0,0,0,0
istanbul,1991,4265566.0,3311756.0,3220039.0,,,,,,,,,,,568738.0,2593.0,887986.0,,,,,,,,,,,607188.0,539573.0,,607955.0,,,,,,,,,,,,,,,,,,,,,,,77.6,,,,,,,,,,,,,,,1987,anap,anap,0,parlimentary,,,,,,,,,,,11977.0,,,,,,,,,,,,,,,,,0,0,0,0,0
istanbul,1987,3544389.0,3178552.0,3104909.0,,,,,,,,,,,313242.0,2526.0,1235123.0,,,,,,,,,,,368678.0,213544.0,,928459.0,,,,,,,,,,,,,,,,,,,,,,,89.7,,,,,,,,,,,,,,,1983,anap,anap,0,parlimentary,,,,,12755.0,,36805.0,,,,,,,,,,,,,,,,,,,,,0,0,0,0,0
istanbul,1983,2525756.0,2289248.0,2178084.0,,,,,,,,,,,,14370.0,991042.0,,,,,,,,,,,,,,,,,,,,,,,,,,,,,,,,,,,,,90.6,,,,,,,,,,,,,,,1977,anap,chp,1,parlimentary,,,,740439.0,,,,432233.0,,,,,,,,,,,,,,,,,,,,0,0,0,0,0
antep,1977,367858.0,253592.0,244454.0,,,,,109255.0,,,27172.0,,,,2082.0,,,,,,,,,,,,,,,,,,,,,,,,,,,,,,,,,,,,,,68.9,,,,,,,,,,,,,,,1973,chp,chp,0,parlimentary,,,,,,,,,,,,,,79306.0,,2901.0,,,2868.0,,,20870.0,,,,,,0,0,0,0,0
antep,1973,268722.0,173359.0,165579.0,,,,,61213.0,,,7696.0,,,,3169.0,,,,,,,,,,,,,,,,,,,,,,,,,,,,,,,,,,,,,,64.5,,,,,,,,,,,,,,,1969,chp,ap,1,parlimentary,,,,,,,,,,,,,,29332.0,,17968.0,,,25742.0,,,19162.0,1297.0,,,,,0,0,0,0,0
antep,1969,230752.0,154112.0,146224.0,,,,,49123.0,,,5144.0,,,,15698.0,,,,,,,,1254.0,,,,,,,,,,,,,,,,,,,,,,,,,,,,,,66.7,,,,,,,,,,,,,,,1965,ap,ap,0,parlimentary,,,,,,,,,,,,,,51216.0,3509.0,,,,,16823.0,,,,2872.0,,585.0,,0,0,0,0,0
antep,1965,209365.0,154814.0,148482.0,,,,,56133.0,,,,,,,4.0,,,,,,,,3788.0,,,,,,,,,,,,,,,,,,,,,,,,,,,,,,73.9,,,,,,,,,,,,,,,1961,ap,chp,1,parlimentary,,,,,,,,,,,,,,76799.0,,,2282.0,,,,,,,5064.0,,4412.0,,0,0,0,0,0
antep,1961,191785.0,163950.0,156907.0,,,,,73766.0,,,,,,,,,,,,,,,,,,,,,,,,,,,,,,,,,,,,,,,,,,,,,85.5,,,,,,,,,,,,,,,1957,chp,dp,1,parlimentary,,,,,,,,,,,,,,46066.0,,,4313.0,,,,,,,,,32766.0,,0,0,0,0,0
antep,1957,176236.0,150075.0,,,,,,69762.0,,70848.0,,,,,,,,,,,,,,,,,,,,,,,,,,,,,,,,,,,,,,,,,,,85.2,,,,,,,,,,,,,,,1954,dp,dp,0,parlimentary,,,,,,,,,,,,,,,,,,2294.0,,,4613.0,,,,,,,0,0,0,0,0
antep,1954,154473.0,143773.0,,,,,,58834.0,,83026.0,,,,,925.0,,,,,,,,,,,,,,,,,,,,,,,,,,,,,,,,,,,,,,93.1,,,,,,,,,,,,,,,1950,dp,dp,0,parlimentary,,,,,,,,,,,,,,,,,,,,,,,,,,,,0,0,0,0,0
antep,1950,132453.0,120422.0,,,,,,49333.0,,69792.0,,,,,,,,,,,,,,,,,,,,,,,,,,,,,,,,,,,,,,,,,,,90.9,,,,,,,,,,,,,,,,dp,,0,parlimentary,,,,,,,,,,,,,,,,,,,,,,,,,,,,0,0,0,0,0
urfa,1977,292408.0,202902.0,196964.0,,,,,65910.0,,,11876.0,,,,10437.0,,,,,,,,,,,,,,,,,,,,,,,,,,,,,,,,,,,,,,69.4,,,,,,,,,,,,,,,1973,chp,ap,1,parlimentary,,,,,,,,,,,,,,64785.0,,2223.0,,,3301.0,,,38432.0,,,,,,0,0,0,0,0
urfa,1973,217627.0,130588.0,126474.0,,,,,36615.0,,,1188.0,,,,80.0,,,,,,,,,,,,,,,,,,,,,,,,,,,,,,,,,,,,,,60.0,,,,,,,,,,,,,,,1969,ap,ap,0,parlimentary,,,,,,,,,,,,,,42365.0,,2419.0,,,21609.0,,,22198.0,,,,,,0,0,0,0,0
urfa,1969,207153.0,133624.0,128694.0,,,,,28904.0,,,629.0,,,,16915.0,,,,,,,,1059.0,,,,,,,,,,,,,,,,,,,,,,,,,,,,,,64.5,,,,,,,,,,,,,,,1965,ap,ap,0,parlimentary,,,,,,,,,,,,,,55992.0,,,,,,10516.0,,,,2578.0,,12101.0,,0,0,0,0,0
urfa,1965,182322.0,125037.0,118841.0,,,,,36307.0,,,,,,,26444.0,,,,,,,,,,,,,,,,,,,,,,,,,,,,,,,,,,,,,,68.6,,,,,,,,,,,,,,,1961,ap,chp,1,parlimentary,,,,,,,,,,,,,,41486.0,,,,,,,,,,3771.0,,10833.0,,0,0,0,0,0
urfa,1961,166814.0,124534.0,120042.0,,,,,51544.0,,,,,,,,,,,,,,,,,,,,,,,,,,,,,,,,,,,,,,,,,,,,,74.7,,,,,,,,,,,,,,,1957,chp,chp,0,parlimentary,,,,,,,,,,,,,,24741.0,,,7299.0,,,,,,,,,36456.0,,0,0,0,0,0
urfa,1957,166416.0,126035.0,,,,,,65096.0,,57017.0,,,,,,,,,,,,,,,,,,,,,,,,,,,,,,,,,,,,,,,,,,,75.7,,,,,,,,,,,,,,,1954,chp,dp,1,parlimentary,,,,,,,,,,,,,,,,,,3136.0,,,225.0,,,,,,,0,0,0,0,0
urfa,1954,147215.0,133792.0,,,,,,51127.0,,65070.0,,,,,14591.0,,,,,,,,,,,,,,,,,,,,,,,,,,,,,,,,,,,,,,90.9,,,,,,,,,,,,,,,1950,dp,dp,0,parlimentary,,,,,,803.0,,,,,,,,,,,,,,,,,,,,,,0,0,0,0,0
urfa,1950,122703.0,108828.0,,,,,,51924.0,,55959.0,,,,,,,,,,,,,,,,,,,,,,,,,,,,,,,,,,,,,,,,,,,88.7,,,,,,,,,,,,,,,,dp,,0,parlimentary,,,,,,,,,,,,,,,,,,,,,,,,,,,,0,0,0,0,0
istanbul,1977,2518737.0,1572729.0,1530966.0,,,,,891772.0,,,41261.0,,,,2895.0,,,,,,,,,,,,,,,,,,,,,,,,,,,,,,,,,,,,,,62.4,,,,,,,,,,,,,,,1973,chp,chp,0,parlimentary,,,,,,,,,,,,,,434879.0,,15342.0,,,18246.0,,,101078.0,21521.0,4817.0,,,,0,0,0,0,0
istanbul,1973,1749970.0,1066535.0,1020316.0,,,,,499225.0,,,18786.0,,,,5555.0,,,,,,,,3875.0,,,,,,,,,,,,,,,,,,,,,,,,,,,,,,60.9,,,,,,,,,,,,,,,1969,chp,ap,1,parlimentary,,,,,,,,,,,,,,290763.0,,28728.0,,,72775.0,,,85454.0,15155.0,,,,,0,0,0,0,0
istanbul,1969,1195896.0,626836.0,600334.0,,,,,203309.0,,,15508.0,,,,7756.0,,,,,,,,16275.0,,,,,,,,,,,,,,,,,,,,,,,,,,,,,,52.4,,,,,,,,,,,,,,,1965,ap,ap,0,parlimentary,,,,,,,,,,,,,,286841.0,17216.0,,,,,13882.0,,,,34633.0,,4914.0,,0,0,0,0,0
istanbul,1965,1010051.0,651473.0,623536.0,,,,,185479.0,,,,,,,11686.0,,,,,,,,30471.0,,,,,,,,,,,,,,,,,,,,,,,,,,,,,,64.5,,,,,,,,,,,,,,,1961,ap,ap,0,parlimentary,,,,,,,,,,,,,,331447.0,,,9250.0,,,,,,,49422.0,,5781.0,,0,0,0,0,0
istanbul,1961,975422.0,725702.0,709873.0,,,,,270920.0,,,,,,,31216.0,,,,,,,,,,,,,,,,,,,,,,,,,,,,,,,,,,,,,,74.4,,,,,,,,,,,,,,,1957,ap,dp,1,parlimentary,,,,,,,,,,,,,,296568.0,,,87696.0,,,,,,,,,23473.0,,0,0,0,0,0
istanbul,1957,979044.0,616474.0,,,,,,249097.0,,315967.0,,,,,60.0,,,,,,,,,,,,,,,,,,,,,,,,,,,,,,,,,,,,,,63.0,,,,,,,,,,,,,,,1954,dp,dp,0,parlimentary,,,,,,,,,,,,,,,,,,25779.0,,,15325.0,,,,130.0,,,0,0,0,0,0
istanbul,1954,685091.0,545867.0,,,,,,143705.0,,338010.0,,,,,10076.0,,,,,,,,,,,,,,,,,,,,,,,,,,,,,,,,,,,,,,79.7,,,,,,,,,,,,,,,1950,dp,dp,0,parlimentary,,,,,,4215.0,,,,,,,,,,,,43420.0,,,,,,,,,,0,0,0,0,0
istanbul,1950,559798.0,453262.0,,,,,,110299.0,,238763.0,,,,,,,,,,,,,72737.0,,,,,,,,,,,,,,,,,,,,,,,,,,,,,,81.0,,,,,,,,,,,,,,,,dp,,0,parlimentary,,,,,,,,,,,,,,,,,,,,,,,,,,,,0,0,0,0,0
kocaeli,2018,1334402.0,1198849.0,1175662.0,26436.0,,,2111.0,243828.0,585313.0,,137708.0,125118.0,89162.0,,500.0,,,,,,,,,,,,,,,,,,,,,,1889.0,,,,,,,,,,,,,,,,89.8,,,,,,,,,,,,,,,2015_2,akp,akp,0,parlimentary,,,,,,,,,,,,,,,,,,,,,,,,,,,,0,0,0,0,0
kocaeli,2015_1,1240533.0,1115212.0,1099780.0,18079.0,1146.0,,2213.0,262793.0,638266.0,1556.0,125827.0,,66247.0,739.0,0.0,,649.0,,,2404.0,6426.0,,456.0,,,,433.0,,,,,,,,,,,,,1653.0,,,,,,,,,,,,,89.9,,,,,,,,,,,,,,,2011,akp,akp,0,parlimentary,,,,,,1249.0,,,,,,,,,,,,,,,,,,,,,,0,0,0,0,0
kocaeli,2015_2,1221771.0,1076123.0,1052761.0,52631.0,2479.0,,2988.0,260865.0,499906.0,1826.0,163742.0,,82493.0,2232.0,313.0,,658.0,,,37.0,,,348.0,,,,893.0,,,,,,,,,,,,2441.0,1388.0,,289.0,,,,,,,,,,,88.1,,,,,,,,,,,,,,,2015_1,akp,akp,0,parlimentary,703.0,14.0,,,,379.0,,,436.0,,,,,,,,,,,,,,,,,,,0,0,0,0,0
kocaeli,2011,1096593.0,977711.0,954174.0,41870.0,,1452.0,,235770.0,504535.0,5995.0,114304.0,,,2414.0,22153.0,,0.0,,,,5615.0,,1716.0,,0.0,,1859.0,,,,,,,,,,,,,,,,3796.0,,,,,,,,,,89.2,,,,,,,,,,,,,,,2007,akp,akp,0,parlimentary,,,14939.0,,,,,,,759.0,,,,,,,,,,,,,,,,,,0,0,0,0,0
kocaeli,2007,884889.0,768187.0,746573.0,62406.0,4369.0,1998.0,,145671.0,370242.0,40081.0,78585.0,,,,15447.0,,734.0,,2380.0,,,,,1273.0,,3546.0,,,,,,,,,24951.0,,,,,,,,,,,,,,,,,,86.8,,,,,,,,,,,,,,,2002,akp,akp,0,parlimentary,,,,,,,,,,,,,,,,,,,,,,,,,,,,0,0,0,0,0
kocaeli,2002,752556.0,673467.0,645035.0,39961.0,3893.0,1147.0,,120719.0,277461.0,,39146.0,,,6786.0,279.0,22671.0,1604.0,,2678.0,,4914.0,,1056.0,2056.0,,,40370.0,,,,,,,,43250.0,5823.0,,,,,,8130.0,,,,25500.0,,,,,,,89.5,,,,,,,,,,,,,,,1999,akp,dsp,1,parlimentary,,,,,,,,,,,,,,,,,,,,,,,,,,,,0,0,0,0,0
kocaeli,1999,749026.0,656898.0,624684.0,,,,,62832.0,,2241.0,92409.0,,,143352.0,236.0,67512.0,2485.0,1724.0,779.0,,7677.0,,1648.0,4301.0,1124.0,,72547.0,,,,751.0,,,,,,,,,,,,,1465.0,,,531.0,142391.0,19295.0,770.0,,,87.7,,,,,,,,,,,,,,,1995,dsp,rp,1,parlimentary,,,,,,,,,,,,,,,,,,,,,,,,,,,earthquake,1,0,1,0,0
kocaeli,1995,664557.0,573917.0,548794.0,,,,,57661.0,,,29605.0,,,103131.0,1084.0,88161.0,,,831.0,,,,2744.0,,,,74095.0,174390.0,,,1163.0,,,,,,,,,,,,,,,,,,14526.0,,,,86.4,,,,,,,,,,,,,,,1991,rp,dyp,1,parlimentary,,,,,,,,,,,,2509.0,586.0,,,,,,,,,,,,,,,0,0,0,0,0
kocaeli,1991,543729.0,450309.0,437498.0,,,,,,,,,,,66496.0,156.0,86046.0,,,,,,,,,,,111980.0,96910.0,,75185.0,,,,,,,,,,,,,,,,,,,,,,,82.8,,,,,,,,,,,,,,,1987,dyp,shp,1,parlimentary,,,,,,,,,,,1536.0,,,,,,,,,,,,,,,,,0,0,0,0,0
kocaeli,1987,437160.0,408914.0,401254.0,,,,,,,,,,,38373.0,,109007.0,,,,,,,,,,,80582.0,53159.0,,110892.0,,,,,,,,,,,,,,,,,,,,,,,93.5,,,,,,,,,,,,,,,1983,shp,anap,1,parlimentary,,,,,2753.0,,7292.0,,,,,,,,,,,,,,,,,,,,,0,0,0,0,0
kocaeli,1983,298985.0,278441.0,262731.0,,,,,,,,,,,,,115379.0,,,,,,,,,,,,,,,,,,,,,,,,,,,,,,,,,,,,,93.1,,,,,,,,,,,,,,,1977,anap,chp,1,parlimentary,,,,101261.0,,,,46091.0,,,,,,,,,,,,,,,,,,,,0,0,0,0,0
hatay,2018,1041076.0,925282.0,911280.0,8449.0,,,1365.0,287438.0,340122.0,,135667.0,61380.0,103530.0,,0.0,,,,,,,,,,,,,,,,,,,,,,1546.0,,,,,,,,,,,,,,,,88.9,,,,,,,,,,,,,,,2015_2,akp,akp,0,parlimentary,,,,,,,,,,,,,,,,,,,,,,,,,,,,0,0,0,0,0
hatay,2015_1,991518.0,862175.0,852129.0,3925.0,906.0,,1630.0,311664.0,381165.0,748.0,106563.0,,61814.0,343.0,0.0,,30.0,,,1660.0,3067.0,,248.0,,,,8.0,,,,,,,,,,,,,1486.0,,,,,,,,,,,,,87.0,,,,,,,,,,,,,,,2011,akp,akp,0,parlimentary,,,,,,391.0,,,,,,,,,,,,,,,,,,,,,,0,0,0,0,0
hatay,2015_2,987001.0,845099.0,827926.0,13729.0,2408.0,,1675.0,304062.0,322422.0,870.0,117832.0,,58334.0,1319.0,19227.0,,8.0,,,673.0,,,319.0,,,,24.0,,,,,,,,,,,,1610.0,1155.0,,3.0,,,,,,,,,,,85.6,,,,,,,,,,,,,,,2015_1,akp,akp,0,parlimentary,858.0,11.0,,,,170.0,,,326.0,,,,,,,,,,,,,,,,,,,0,0,0,0,0
hatay,2011,934254.0,810847.0,793149.0,5941.0,,690.0,,306498.0,353616.0,4341.0,100499.0,,,875.0,11808.0,,0.0,,,,3230.0,,365.0,,1429.0,,1085.0,,,,,,,,,,,,,,,,1724.0,,,,,,,,,,86.8,,,,,,,,,,,,,,,2007,akp,akp,0,parlimentary,,,2960.0,,,,,,,571.0,,,,,,,,,,,,,,,,,refugee ,1,0,0,0,1
hatay,2007,786191.0,650007.0,637301.0,7278.0,2809.0,1373.0,,199838.0,261971.0,26433.0,107721.0,,,,13952.0,,,,2214.0,,,,,776.0,,2045.0,,,,,,,,,15058.0,,,,,,,,,,,,,,,,,,82.7,,,,,,,,,,,,,,,2002,akp,akp,0,parlimentary,,,,,,,,,,,,,,,,,,,,,,,,,,,,0,0,0,0,0
hatay,2002,746949.0,584939.0,554810.0,7972.0,2690.0,940.0,,143792.0,166403.0,,60643.0,,,7244.0,20821.0,30169.0,588.0,,2787.0,,3175.0,,1019.0,1557.0,,,47557.0,,,,,,,,31944.0,6758.0,,,,,,2018.0,,,,18767.0,,,,,,,78.3,,,,,,,,,,,,,,,1999,akp,mhp,1,parlimentary,,,,,,,,,,,,,,,,,,,,,,,,,,,,0,0,0,0,0
hatay,1999,693725.0,604485.0,578416.0,,,,,113384.0,,2147.0,128387.0,,,80955.0,1314.0,70627.0,1438.0,7491.0,1084.0,,6008.0,,1237.0,7254.0,895.0,,66958.0,,,,638.0,,,,,,,,,,,,,3067.0,,,578.0,70641.0,14907.0,558.0,,,87.1,,,,,,,,,,,,,,,1995,mhp,chp,1,parlimentary,,,,,,,,,,,,,,,,,,,,,,,,,,,,0,0,0,0,0
hatay,1995,622004.0,539869.0,519952.0,,,,,114417.0,,,69100.0,,,40312.0,740.0,75863.0,,,1248.0,,,,3024.0,,,,99922.0,96355.0,,,1097.0,,,,,,,,,,,,,,,,,,16513.0,,,,86.8,,,,,,,,,,,,,,,1991,chp,shp,1,parlimentary,,,,,,,,,,,,2250.0,717.0,,,,,,,,,,,,,,,0,0,0,0,0
hatay,1991,542338.0,455349.0,443298.0,,,,,,,,,,,27361.0,,85754.0,,,,,,,,,,,126148.0,61016.0,,142246.0,,,,,,,,,,,,,,,,,,,,,,,84.0,,,,,,,,,,,,,,,1987,shp,shp,0,parlimentary,,,,,,,,,,,1595.0,,,,,,,,,,,,,,,,,0,0,0,0,0
hatay,1987,466146.0,438925.0,427724.0,,,,,,,,,,,28748.0,120.0,131832.0,,,,,,,,,,,86113.0,26002.0,,140073.0,,,,,,,,,,,,,,,,,,,,,,,94.2,,,,,,,,,,,,,,,1983,shp,hp,1,parlimentary,,,,,2214.0,,13479.0,,,,,,,,,,,,,,,,,,,,,0,0,0,0,0
hatay,1983,334399.0,305508.0,290228.0,,,,,,,,,,,,,99050.0,,,,,,,,,,,,,,,,,,,,,,,,,,,,,,,,,,,,,91.4,,,,,,,,,,,,,,,1977,hp,chp,1,parlimentary,,,,105570.0,,,,85608.0,,,,,,,,,,,,,,,,,,,,0,0,0,0,0
maras,1977,300701.0,222589.0,216000.0,,,,,74283.0,,,33470.0,,,,10171.0,,,,,,,,,,,,,,,,,,,,,,,,,,,,,,,,,,,,,,74.0,,,,,,,,,,,,,,,1973,chp,chp,0,parlimentary,,,,,,,,,,,,,,57250.0,,1657.0,,,5397.0,,,33772.0,,,,,,0,0,0,0,0
maras,1973,226256.0,160528.0,155106.0,,,,,51043.0,,,8669.0,,,,3432.0,,,,,,,,,,,,,,,,,,,,,,,,,,,,,,,,,,,,,,70.9,,,,,,,,,,,,,,,1969,chp,ap,1,parlimentary,,,,,,,,,,,,,,27774.0,,3133.0,,,16776.0,,,41454.0,2825.0,,,,,0,0,0,0,0
maras,1969,198558.0,125356.0,119992.0,,,,,21126.0,,,1469.0,,,,38319.0,,,,,,,,5946.0,,,,,,,,,,,,,,,,,,,,,,,,,,,,,,63.1,,,,,,,,,,,,,,,1965,ap,ap,0,parlimentary,,,,,,,,,,,,,,38419.0,7478.0,,,,,4734.0,,,,2230.0,,289.0,,0,0,0,0,0
maras,1965,181867.0,121252.0,115531.0,,,,,27609.0,,,,,,,14570.0,,,,,,,,11329.0,,,,,,,,,,,,,,,,,,,,,,,,,,,,,,66.7,,,,,,,,,,,,,,,1961,ap,ap,0,parlimentary,,,,,,,,,,,,,,55640.0,,,,,,,,,,2284.0,,4099.0,,0,0,0,0,0
maras,1961,169620.0,130717.0,124655.0,,,,,48694.0,,,,,,,1453.0,,,,,,,,,,,,,,,,,,,,,,,,,,,,,,,,,,,,,,77.1,,,,,,,,,,,,,,,1957,ap,chp,1,parlimentary,,,,,,,,,,,,,,65069.0,,,7514.0,,,,,,,,,2456.0,,0,0,0,0,0
maras,1957,153085.0,109985.0,,,,,,49252.0,,45890.0,,,,,,,,,,,,,,,,,,,,,,,,,,,,,,,,,,,,,,,,,,,71.9,,,,,,,,,,,,,,,1954,chp,dp,1,parlimentary,,,,,,,,,,,,,,,,,,13922.0,,,,,,,,,,0,0,0,0,0
maras,1954,133897.0,120534.0,,,,,,43501.0,,65777.0,,,,,1210.0,,,,,,,,,,,,,,,,,,,,,,,,,,,,,,,,,,,,,,90.0,,,,,,,,,,,,,,,1950,dp,dp,0,parlimentary,,,,,,5498.0,,,,,,,,,,,,3781.0,,,,,,,,,,0,0,0,0,0
maras,1950,114547.0,101407.0,,,,,,39045.0,,52823.0,,,,,26121.0,,,,,,,,,,,,,,,,,,,,,,,,,,,,,,,,,,,,,,88.5,,,,,,,,,,,,,,,,dp,,0,parlimentary,,,,,,,,,,,,,,,,,,,,,,,,,,,,0,0,0,0,0
diyarbakir,1977,290056.0,192885.0,186651.0,,,,,64991.0,,,2035.0,,,,31824.0,,,,,,,,,,,,,,,,,,,,,,,,,,,,,,,,,,,,,,66.5,,,,,,,,,,,,,,,1973,chp,chp,0,parlimentary,,,,,,,,,,,,,,48694.0,,876.0,,,2102.0,,,33324.0,,2805.0,,,,0,0,0,0,0
diyarbakir,1973,232364.0,154645.0,148667.0,,,,,45264.0,,,4496.0,,,,14059.0,,,,,,,,,,,,,,,,,,,,,,,,,,,,,,,,,,,,,,66.5,,,,,,,,,,,,,,,1969,chp,ap,1,parlimentary,,,,,,,,,,,,,,30822.0,,8294.0,,,18176.0,,,27566.0,,,,,,0,0,0,0,0
diyarbakir,1969,201474.0,126097.0,121003.0,,,,,8825.0,,,920.0,,,,19801.0,,,,,,,,9592.0,,,,,,,,,,,,,,,,,,,,,,,,,,,,,,62.5,,,,,,,,,,,,,,,1965,ap,ap,0,parlimentary,,,,,,,,,,,,,,42934.0,,,,,,3654.0,,,,3330.0,,31947.0,,0,0,0,0,0
diyarbakir,1965,181066.0,116391.0,110756.0,,,,,25695.0,,,,,,,12993.0,,,,,,,,1867.0,,,,,,,,,,,,,,,,,,,,,,,,,,,,,,64.3,,,,,,,,,,,,,,,1961,ap,ytp ,1,parlimentary,,,,,,,,,,,,,,31936.0,,,3799.0,,,,,,,8867.0,,25599.0,,0,0,0,0,0
diyarbakir,1961,166637.0,126841.0,121653.0,,,,,39857.0,,,,,,,,,,,,,,,,,,,,,,,,,,,,,,,,,,,,,,,,,,,,,76.1,,,,,,,,,,,,,,,1957,ytp ,dp,1,parlimentary,,,,,,,,,,,,,,23401.0,,,6331.0,,,,,,,,,52012.0,,0,0,0,0,0
diyarbakir,1957,168692.0,114471.0,,,,,,33820.0,,56309.0,,,,,,,,,,,,,,,,,,,,,,,,,,,,,,,,,,,,,,,,,,,66.1,,,,,,,,,,,,,,,1954,dp,dp,0,parlimentary,,,,,,,,,,,,,,,,,,900.0,,,22466.0,,,,,,,0,0,0,0,0
diyarbakir,1954,132535.0,122955.0,,,,,,42333.0,,72907.0,,,,,673.0,,,,,,,,,,,,,,,,,,,,,,,,,,,,,,,,,,,,,,92.8,,,,,,,,,,,,,,,1950,dp,dp,0,parlimentary,,,,,,3389.0,,,,,,,,,,,,,,,,,,,,,,0,0,0,0,0
diyarbakir,1950,114487.0,103246.0,,,,,,48000.0,,53691.0,,,,,,,,,,,,,,,,,,,,,,,,,,,,,,,,,,,,,,,,,,,90.2,,,,,,,,,,,,,,,,dp,,0,parlimentary,,,,,,,,,,,,,,,,,,,,,,,,,,,,0,0,0,0,0
bursa,1977,596667.0,443892.0,431418.0,,,,,158364.0,,,12660.0,,,,188.0,,,,,,,,,,,,,,,,,,,,,,,,,,,,,,,,,,,,,,74.4,,,,,,,,,,,,,,,1973,ap,ap,0,parlimentary,,,,,,,,,,,,,,223157.0,,5740.0,,,6560.0,,,23640.0,,1109.0,,,,0,0,0,0,0
bursa,1973,470147.0,312841.0,300693.0,,,,,84257.0,,,4093.0,,,,378.0,,,,,,,,1608.0,,,,,,,,,,,,,,,,,,,,,,,,,,,,,,66.5,,,,,,,,,,,,,,,1969,ap,ap,0,parlimentary,,,,,,,,,,,,,,152367.0,,6517.0,,,23078.0,,,28395.0,,,,,,0,0,0,0,0
bursa,1969,406469.0,266725.0,254524.0,,,,,63515.0,,,7261.0,,,,852.0,,,,,,,,3488.0,,,,,,,,,,,,,,,,,,,,,,,,,,,,,,65.6,,,,,,,,,,,,,,,1965,ap,ap,0,parlimentary,,,,,,,,,,,,,,163706.0,,,,,,8986.0,,,,5382.0,,1334.0,,0,0,0,0,0
bursa,1965,386518.0,289574.0,276386.0,,,,,63891.0,,,,,,,833.0,,,,,,,,8589.0,,,,,,,,,,,,,,,,,,,,,,,,,,,,,,74.9,,,,,,,,,,,,,,,1961,ap,ap,0,parlimentary,,,,,,,,,,,,,,189515.0,,,5014.0,,,,,,,6019.0,,2525.0,,0,0,0,0,0
bursa,1961,365573.0,310750.0,298678.0,,,,,87410.0,,,,,,,,,,,,,,,,,,,,,,,,,,,,,,,,,,,,,,,,,,,,,85.0,,,,,,,,,,,,,,,1957,ap,dp,1,parlimentary,,,,,,,,,,,,,,188362.0,,,16792.0,,,,,,,,,6114.0,,0,0,0,0,0
bursa,1957,338026.0,270653.0,,,,,,78061.0,,156590.0,,,,,194.0,,,,,,,,,,,,,,,,,,,,,,,,,,,,,,,,,,,,,,80.1,,,,,,,,,,,,,,,1954,dp,dp,0,parlimentary,,,,,,,,,,,,,,,,,,14345.0,,,20296.0,,,,,,,0,0,0,0,0
bursa,1954,294004.0,255470.0,,,,,,76363.0,,158361.0,,,,,1336.0,,,,,,,,,,,,,,,,,,,,,,,,,,,,,,,,,,,,,,86.9,,,,,,,,,,,,,,,1950,dp,dp,0,parlimentary,,,,,,,,,,,,,,,,,,15724.0,,,,,,,,,,0,0,0,0,0
bursa,1950,257205.0,237121.0,,,,,,97532.0,,138445.0,,,,,,,,,,,,,,,,,,,,,,,,,,,,,,,,,,,,,,,,,,,92.2,,,,,,,,,,,,,,,,dp,,0,parlimentary,,,,,,,,,,,,,,,,,,,,,,,,,,,,0,0,0,0,0
van,1977,151349.0,121488.0,116448.0,,,,,22569.0,,,3282.0,,,,33677.0,,,,,,,,,,,,,,,,,,,,,,,,,,,,,,,,,,,,,,80.3,,,,,,,,,,,,,,,1973,bgmz,cgp,1,parlimentary,,,,,,,,,,,,,,17943.0,,13776.0,,,1403.0,,,23798.0,,,,,,0,0,0,0,0
van,1973,126766.0,100975.0,97303.0,,,,,10027.0,,,639.0,,,,5840.0,,,,,,,,,,,,,,,,,,,,,,,,,,,,,,,,,,,,,,79.6,,,,,,,,,,,,,,,1969,cgp,ap,1,parlimentary,,,,,,,,,,,,,,21750.0,,50924.0,,,1344.0,,,6779.0,,,,,,0,0,0,0,0
van,1969,109600.0,84642.0,81608.0,,,,,8477.0,,,7694.0,,,,13086.0,,,,,,,,,,,,,,,,,,,,,,,,,,,,,,,,,,,,,,77.2,,,,,,,,,,,,,,,1965,ap,chp,1,parlimentary,,,,,,,,,,,,,,22232.0,,,,,,19276.0,,,,952.0,,9891.0,,0,0,0,0,0
van,1965,94473.0,74740.0,71438.0,,,,,32276.0,,,,,,,1641.0,,,,,,,,,,,,,,,,,,,,,,,,,,,,,,,,,,,,,,79.1,,,,,,,,,,,,,,,1961,chp,ytp ,1,parlimentary,,,,,,,,,,,,,,21585.0,,,,,,,,,,1869.0,,14067.0,,0,0,0,0,0
van,1961,80998.0,66577.0,64233.0,,,,,20963.0,,,,,,,,,,,,,,,,,,,,,,,,,,,,,,,,,,,,,,,,,,,,,82.2,,,,,,,,,,,,,,,1957,ytp ,chp,1,parlimentary,,,,,,,,,,,,,,5085.0,,,13757.0,,,,,,,,,24428.0,,0,0,0,0,0
van,1957,65756.0,53563.0,,,,,,29950.0,,22266.0,,,,,,,,,,,,,,,,,,,,,,,,,,,,,,,,,,,,,,,,,,,81.5,,,,,,,,,,,,,,,1954,chp,dp,1,parlimentary,,,,,,,,,,,,,,,,,,632.0,,,,,,,,,,0,0,0,0,0
van,1954,59219.0,55080.0,,,,,,18507.0,,33637.0,,,,,,,,,,,,,,,,,,,,,,,,,,,,,,,,,,,,,,,,,,,92.9,,,,,,,,,,,,,,,1950,dp,chp,1,parlimentary,,,,,,,,,,,,,,,,,,,,,,,,,,,,0,0,0,0,0
van,1950,51500.0,45417.0,,,,,,20653.0,,16785.0,,,,,10374.0,,,,,,,,,,,,,,,,,,,,,,,,,,,,,,,,,,,,,,88.2,,,,,,,,,,,,,,,,chp,,0,parlimentary,,,,,,,,,,,,,,,,,,,,,,,,,,,,0,0,0,0,0
adana,1977,673430.0,462806.0,452072.0,,,,,210026.0,,,51146.0,,,,434.0,,,,,,,,,,,,,,,,,,,,,,,,,,,,,,,,,,,,,,68.7,,,,,,,,,,,,,,,1973,chp,chp,0,parlimentary,,,,,,,,,,,,,,144709.0,,4965.0,,,8932.0,,,28490.0,2554.0,816.0,,,cyprus war,1,1,0,0,0
adana,1973,471331.0,334512.0,321422.0,,,,,128076.0,,,26077.0,,,,9650.0,,,,,,,,,,,,,,,,,,,,,,,,,,,,,,,,,,,,,,70.9,,,,,,,,,,,,,,,1969,chp,ap,1,parlimentary,,,,,,,,,,,,,,74264.0,,12595.0,,,40627.0,,,26270.0,3863.0,,,,,0,0,0,0,0
adana,1969,380236.0,261196.0,250323.0,,,,,84335.0,,,21641.0,,,,4270.0,,,,,,,,1740.0,,,,,,,,,,,,,,,,,,,,,,,,,,,,,,68.6,,,,,,,,,,,,,,,1965,ap,ap,0,parlimentary,,,,,,,,,,,,,,106443.0,9015.0,,,,,16570.0,,,,5247.0,,1062.0,,0,0,0,0,0
adana,1965,335055.0,258342.0,248008.0,,,,,88229.0,,,,,,,442.0,,,,,,,,8628.0,,,,,,,,,,,,,,,,,,,,,,,,,,,,,,77.1,,,,,,,,,,,,,,,1961,ap,ap,0,parlimentary,,,,,,,,,,,,,,133799.0,,,5695.0,,,,,,,7926.0,,3289.0,,0,0,0,0,0
adana,1961,298069.0,253053.0,246341.0,,,,,108161.0,,,,,,,1687.0,,,,,,,,,,,,,,,,,,,,,,,,,,,,,,,,,,,,,,84.9,,,,,,,,,,,,,,,1957,ap,chp,1,parlimentary,,,,,,,,,,,,,,126365.0,,,10347.0,,,,,,,,,,,0,0,0,0,0
adana,1957,298849.0,228037.0,,,,,,125040.0,,96197.0,,,,,,,,,,,,,,,,,,,,,,,,,,,,,,,,,,,,,,,,,,,76.3,,,,,,,,,,,,,,,1954,chp,dp,1,parlimentary,,,,,,,,,,,,,,,,,,4897.0,,,695.0,,,,,,,0,0,0,0,0
adana,1954,238293.0,222000.0,,,,,,99741.0,,107447.0,,,,,316.0,,,,,,,,,,,,,,,,,,,,,,,,,,,,,,,,,,,,,,93.2,,,,,,,,,,,,,,,1950,dp,dp,0,parlimentary,,,,,,8178.0,,,,,,,,,,,,2618.0,,,,,,,,,,0,0,0,0,0
adana,1950,195544.0,174969.0,,,,,,77189.0,,91178.0,,,,,,,,,,,,,3515.0,,,,,,,,,,,,,,,,,,,,,,,,,,,,,,89.5,,,,,,,,,,,,,,,,dp,,0,parlimentary,,,,,,,,,,,,,,,,,,,,,,,,,,,,0,0,0,0,0
mardin,2018,470545.0,395732.0,385281.0,3278.0,,,673.0,13153.0,120854.0,,10429.0,4483.0,235722.0,,350.0,,,,,,,,,,,,,,,,,,,,,,8268.0,,,,,,,,,,,,,,,,84.1,,,,,,,,,,,,,,,2015_2,hdp,hdp,0,parlimentary,,,,,,,,,,,,,,,,,,,,,,,,,,,,0,0,0,0,0
mardin,2015_1,445041.0,385111.0,377967.0,863.0,111.0,,99.0,6800.0,113670.0,107.0,3703.0,,260283.0,53.0,102.0,,472.0,,,367.0,1068.0,,24.0,,,,125.0,,,,,,,,,,,,,245.0,,,,,,,,,,,,,86.5,,,,,,,,,,,,,,,2011,hdp,bgmz,1,parlimentary,,,,,,307.0,,,,,,,,,,,,,,,,,,,,,,0,0,0,0,0
mardin,2015_2,441076.0,385065.0,378023.0,2082.0,951.0,,294.0,5239.0,76999.0,125.0,4998.0,,278691.0,296.0,15952.0,,4.0,,,514.0,,,53.0,,,,11.0,,,,,,,,,,,,7.0,292.0,,1.0,,,,,,,,,,,87.3,,,,,,,,,,,,,,,2015_1,hdp,hdp,0,parlimentary,168.0,5.0,,,,63.0,,,2.0,,,,,,,,,,,,,,,,,,,0,0,0,0,0
mardin,2011,397634.0,327620.0,320954.0,895.0,,474.0,,11953.0,103402.0,845.0,2041.0,,,658.0,195581.0,,129.0,,,,2842.0,,234.0,,0.0,,0.0,,,,,,,,,,,,,,,,0.0,,,,,,,,,,82.4,,,,,,,,,,,,,,,2007,bgmz,akp,1,parlimentary,,,2097.0,,,,,,,240.0,,,,,,,,,,,,,,,,,,0,0,0,0,0
mardin,2007,312022.0,244095.0,239332.0,2947.0,1208.0,537.0,,16639.0,105905.0,13443.0,3202.0,,,,93201.0,,,,161.0,,,,,,,603.0,,,,,,,,,2526.0,,,,,,,,,,,,,,,,,,78.2,,,,,,,,,,,,,,,2002,akp,dehap,1,parlimentary,,,,,,,,,,,,,,,,,,,,,,,,,,,,0,0,0,0,0
mardin,2002,312132.0,231836.0,224439.0,3565.0,612.0,147.0,,26151.0,34746.0,,6241.0,,,1023.0,18978.0,19853.0,104.0,,179.0,,681.0,,246.0,281.0,,,18509.0,,,,,,,,3475.0,633.0,,,,,,583.0,,,,89113.0,,,,,,,74.3,,,,,,,,,,,,,,,1999,dehap,hadep,1,parlimentary,,,,,,,,,,,,,,,,,,,,,,,,,,,,0,0,0,0,0
mardin,1999,274887.0,231476.0,219533.0,,,,,6295.0,,840.0,4242.0,,,19847.0,21729.0,36140.0,400.0,1788.0,198.0,,1770.0,,366.0,608.0,164.0,,42254.0,,,,561.0,,,,,,,,,,,,,512.0,421.0,,,25966.0,55538.0,205.0,,,84.2,,,,,,,,,,,,,,,1995,hadep,anap,1,parlimentary,,,,,,,,,,,,,,,,,,,,,,,,,,,,0,0,0,0,0
mardin,1995,219819.0,176475.0,169118.0,,,,,7695.0,,,9213.0,,,2962.0,3715.0,37784.0,,,267.0,,,,941.0,,,,33475.0,33970.0,,,750.0,,,,,,,,,,,,,,,,,,37233.0,,,,80.3,,,,,,,,,,,,,,,1991,anap,shp,1,parlimentary,,,,,,,,,,,,1362.0,272.0,,,,,,,,,,,,,,,0,0,0,0,0
mardin,1991,217154.0,177554.0,172119.0,,,,,,,,,,,2247.0,,31836.0,,,,,,,,,,,29577.0,15069.0,,92904.0,,,,,,,,,,,,,,,,,,,,,,,81.8,,,,,,,,,,,,,,,1987,shp,anap,1,parlimentary,,,,,,,,,,,805.0,,,,,,,,,,,,,,,,,0,0,0,0,0
mardin,1987,236295.0,221002.0,211633.0,,,,,,,,,,,11125.0,,59043.0,,,,,,,,,,,45120.0,35972.0,,58750.0,,,,,,,,,,,,,,,,,,,,,,,93.5,,,,,,,,,,,,,,,1983,anap,anap,0,parlimentary,,,,,1115.0,,932.0,,,,,,,,,,,,,,,,,,,,kurdish war,1,0,0,1,0
mardin,1983,156240.0,137084.0,129452.0,,,,,,,,,,,,3790.0,51547.0,,,,,,,,,,,,,,,,,,,,,,,,,,,,,,,,,,,,,87.7,,,,,,,,,,,,,,,1977,anap,bgmz,1,parlimentary,,,,30650.0,,,,43465.0,,,,,,,,,,,,,,,,,,,,0,0,0,0,0
sakarya,2018,705270.0,637350.0,625866.0,13240.0,,,1232.0,88486.0,375397.0,,88022.0,60586.0,17403.0,,0.0,,,,,,,,,,,,,,,,,,,,,,880.0,,,,,,,,,,,,,,,,90.4,,,,,,,,,,,,,,,2015_2,akp,akp,0,parlimentary,,,,,,,,,,,,,,,,,,,,,,,,,,,,0,0,0,0,0
sakarya,2015_1,668443.0,598561.0,590288.0,7942.0,636.0,,917.0,93485.0,408200.0,952.0,73431.0,,12889.0,348.0,0.0,,336.0,,,1556.0,3486.0,,244.0,,,,271.0,,,,,,,,,,,,,1113.0,,,,,,,,,,,,,89.5,,,,,,,,,,,,,,,2011,akp,akp,0,parlimentary,,,,,,775.0,,,,,,,,,,,,,,,,,,,,,,0,0,0,0,0
sakarya,2015_2,662886.0,583515.0,571935.0,22651.0,1201.0,,1032.0,93008.0,330588.0,1005.0,112350.0,,17451.0,1320.0,591.0,,524.0,,,1089.0,,,189.0,,,,16.0,,,,,,,,,,,,11.0,687.0,,387.0,,,,,,,,,,,88.0,,,,,,,,,,,,,,,2015_1,akp,akp,0,parlimentary,324.0,187.0,,,,133.0,,,392.0,,,,,,,,,,,,,,,,,,,0,0,0,0,0
sakarya,2011,617284.0,550883.0,541580.0,14619.0,,514.0,,88043.0,334823.0,3237.0,81515.0,,,1127.0,3450.0,,231.0,,,,2144.0,,375.0,,835.0,,1152.0,,,,,,,,,,,,,,,,1547.0,,,,,,,,,,89.2,,,,,,,,,,,,,,,2007,akp,akp,0,parlimentary,,,9206.0,,,,,,,510.0,,,,,,,,,,,,,,,,,,0,0,0,0,0
sakarya,2007,561191.0,480212.0,472850.0,29444.0,2350.0,633.0,,43939.0,253033.0,29262.0,54198.0,,,,2220.0,,709.0,,1383.0,,,,,689.0,838.0,2174.0,,,,,,,,,55254.0,,,,,,,,,,,,,,,,,,85.6,,,,,,,,,,,,,,,2002,akp,akp,0,parlimentary,,,,,,,,,,,,,,,,,,,,,,,,,,,,0,0,0,0,0
sakarya,2002,523213.0,438268.0,430167.0,14748.0,2575.0,633.0,,29668.0,189246.0,,20866.0,,,2946.0,,15586.0,775.0,,1624.0,,3268.0,,635.0,776.0,,,26581.0,,,,,,,,108822.0,1821.0,,,,,,3770.0,,,,7313.0,,,,,,,83.8,,,,,,,,,,,,,,,1999,akp,fp,1,parlimentary,,,,,,,,,,,,,,,,,,,,,,,,,,,,0,0,0,0,0
sakarya,1999,486022.0,435408.0,417957.0,,,,,18072.0,,1481.0,73813.0,,,80960.0,20.0,57894.0,1815.0,1563.0,664.0,,4768.0,,1018.0,1592.0,524.0,,64035.0,,,,592.0,,,,,,,,,,,,,866.0,,,501.0,102052.0,6168.0,484.0,,,89.6,,,,,,,,,,,,,,,1995,fp,rp,1,parlimentary,,,,,,,,,,,,,,,,,,,,,,,,,,,earthquake,1,0,1,0,0
sakarya,1995,456343.0,400328.0,391314.0,,,,,17918.0,,,23909.0,,,54301.0,,97195.0,,,631.0,,,,2432.0,,,,76604.0,110867.0,,,1340.0,,,,,,,,,,,,,,,,,,4852.0,,,,87.7,,,,,,,,,,,,,,,1991,rp,dyp,1,parlimentary,,,,,,,,,,,,1883.0,590.0,,,,,,,,,,,,,,,0,0,0,0,0
sakarya,1991,408296.0,351289.0,340731.0,,,,,,,,,,,42006.0,333.0,88244.0,,,,,,,,,,,95728.0,79380.0,,34339.0,,,,,,,,,,,,,,,,,,,,,,,86.0,,,,,,,,,,,,,,,1987,dyp,anap,1,parlimentary,,,,,,,,,,,1333.0,,,,,,,,,,,,,,,,,0,0,0,0,0
sakarya,1987,356457.0,329134.0,321543.0,,,,,,,,,,,32732.0,190.0,111400.0,,,,,,,,,,,86136.0,34127.0,,46059.0,,,,,,,,,,,,,,,,,,,,,,,92.3,,,,,,,,,,,,,,,1983,anap,anap,0,parlimentary,,,,,2101.0,,9442.0,,,,,,,,,,,,,,,,,,,,,0,0,0,0,0
sakarya,1983,265691.0,249337.0,239171.0,,,,,,,,,,,,,118301.0,,,,,,,,,,,,,,,,,,,,,,,,,,,,,,,,,,,,,93.8,,,,,,,,,,,,,,,1977,anap,ap,1,parlimentary,,,,66256.0,,,,54614.0,,,,,,,,,,,,,,,,,,,,0,0,0,0,0
maras,2018,738677.0,661140.0,648790.0,10060.0,,,1377.0,65348.0,391098.0,,109216.0,64494.0,25730.0,,0.0,,,,,,,,,,,,,,,,,,,,,,1556.0,,,,,,,,,,,,,,,,89.5,,,,,,,,,,,,,,,2015_2,akp,akp,0,parlimentary,,,,,,,,,,,,,,,,,,,,,,,,,,,,0,0,0,0,0
maras,2015_1,700210.0,609748.0,601490.0,3923.0,702.0,,712.0,60034.0,441137.0,715.0,78929.0,,23475.0,162.0,0.0,,204.0,,,26.0,5298.0,,207.0,,,,216.0,,,,,,,,,,,,,1372.0,,,,,,,,,,,,,87.1,,,,,,,,,,,,,,,2011,akp,akp,0,parlimentary,,,,,,979.0,,,,,,,,,,,,,,,,,,,,,,0,0,0,0,0
maras,2015_2,696315.0,590412.0,578192.0,21293.0,1313.0,,760.0,51412.0,359608.0,859.0,116527.0,,32457.0,1223.0,270.0,,6.0,,,20.0,,,194.0,,,,517.0,,,,,,,,,,,,2848.0,1432.0,,2.0,,,,,,,,,,,84.8,,,,,,,,,,,,,,,2015_1,akp,akp,0,parlimentary,231.0,8.0,,,,86.0,,,472.0,,,,,,,,,,,,,,,,,,,0,0,0,0,0
maras,2011,656579.0,569385.0,561588.0,7374.0,,414.0,,64584.0,391986.0,2941.0,73151.0,,,629.0,3031.0,,0.0,,,,11103.0,,261.0,,578.0,,850.0,,,,,,,,,,,,,,,,769.0,,,,,,,,,,86.7,,,,,,,,,,,,,,,2007,akp,akp,0,parlimentary,,,5239.0,,,,,,,524.0,,,,,,,,,,,,,,,,,refugee ,1,0,0,0,1
maras,2007,573974.0,473530.0,466520.0,6848.0,2889.0,1195.0,,46209.0,319534.0,20805.0,58226.0,,,,6323.0,,,,1455.0,,,,,584.0,,2593.0,,,,,,,,,3217.0,,,,,,,,,,,,,,,,,,82.5,,,,,,,,,,,,,,,2002,akp,akp,0,parlimentary,,,,,,,,,,,,,,,,,,,,,,,,,,,,0,0,0,0,0
maras,2002,541615.0,407824.0,400127.0,6774.0,1596.0,380.0,,45123.0,216388.0,,34456.0,,,3983.0,,19298.0,514.0,,1493.0,,8967.0,,791.0,478.0,,,36163.0,,,,,,,,8695.0,2474.0,,,,,,1174.0,,,,12830.0,,,,,,,75.3,,,,,,,,,,,,,,,1999,akp,mhp,1,parlimentary,,,,,,,,,,,,,,,,,,,,,,,,,,,,0,0,0,0,0
maras,1999,494971.0,431151.0,414418.0,,,,,33067.0,,,117042.0,,,24742.0,67.0,38579.0,1139.0,1298.0,962.0,,15906.0,,1359.0,1126.0,560.0,,73134.0,,,,708.0,,,,,,,,,,,,,1453.0,,,523.0,95807.0,7300.0,495.0,,,87.1,,,,,,,,,,,,,,,1995,mhp,rp,1,parlimentary,,,,,,,,,,,,,,,,,,,,,,,,,,,,0,0,0,0,0
maras,1995,451436.0,372483.0,363735.0,,,,,33813.0,,,38253.0,,,9792.0,804.0,72368.0,,,703.0,,,,1800.0,,,,60434.0,134331.0,,,1242.0,,,,,,,,,,,,,,,,,,9813.0,,,,82.5,,,,,,,,,,,,,,,1991,rp,rp,0,parlimentary,,,,,,,,,,,,1074.0,431.0,,,,,,,,,,,,,,,0,0,0,0,0
maras,1991,406535.0,329027.0,320272.0,,,,,,,,,,,6317.0,,59336.0,,,,,,,,,,,82684.0,110637.0,,60468.0,,,,,,,,,,,,,,,,,,,,,,,80.9,,,,,,,,,,,,,,,1987,rp,anap,1,parlimentary,,,,,,,,,,,1424.0,,,,,,,,,,,,,,,,,0,0,0,0,0
maras,1987,339031.0,316793.0,309491.0,,,,,,,,,,,10028.0,,91362.0,,,,,,,,,,,70072.0,42829.0,,62491.0,,,,,,,,,,,,,,,,,,,,,,,93.4,,,,,,,,,,,,,,,1983,anap,anap,0,parlimentary,,,,,2320.0,,31009.0,,,,,,,,,,,,,,,,,,,,,0,0,0,0,0
maras,1983,243005.0,220584.0,210635.0,,,,,,,,,,,,3107.0,102698.0,,,,,,,,,,,,,,,,,,,,,,,,,,,,,,,,,,,,,90.8,,,,,,,,,,,,,,,1977,anap,chp,1,parlimentary,,,,51626.0,,,,53204.0,,,,,,,,,,,,,,,,,,,,0,0,0,0,0
diyarbakir,2018,1023389.0,856317.0,826242.0,14303.0,,,1223.0,21306.0,182763.0,,11981.0,23860.0,558601.0,,37755.0,,,,,,,,,,,,,,,,,,,,,,32.0,,,,,,,,,,,,,,,,83.7,,,,,,,,,,,,,,,2015_2,hdp,hdp,0,parlimentary,,,,,,,,,,,,,,,,,,,,,,,,,,,,0,0,0,0,0
diyarbakir,2015_1,958170.0,814937.0,791401.0,2200.0,515.0,,311.0,15921.0,181456.0,315.0,6520.0,,580294.0,222.0,18237.0,,28.0,,,1304.0,2777.0,,218.0,,,,8.0,,,,,,,,,,,,,2119.0,,,,,,,,,,,,,85.1,,,,,,,,,,,,,,,2011,hdp,bgmz,1,parlimentary,,,,,,798.0,,,,,,,,,,,,,,,,,,,,,,0,0,0,0,0
diyarbakir,2015_2,949859.0,825403.0,805652.0,4160.0,1473.0,,627.0,10830.0,122031.0,379.0,10213.0,,640689.0,629.0,27887.0,,8.0,,,1912.0,,,197.0,,,,23.0,,,,,,,,,,,,1688.0,1024.0,,3.0,,,,,,,,,,,86.9,,,,,,,,,,,,,,,2015_1,hdp,hdp,0,parlimentary,330.0,11.0,,,,127.0,,,5.0,,,,,,,,,,,,,,,,,,,0,0,0,0,0
diyarbakir,2011,867711.0,705091.0,678459.0,2941.0,,1435.0,,15882.0,218552.0,1985.0,5733.0,,,1271.0,419095.0,,0.0,,,,6999.0,,741.0,,0.0,,705.0,,,,,,,,,,,,,,,,0.0,,,,,,,,,,81.3,,,,,,,,,,,,,,,2007,bgmz,bgmz,0,parlimentary,,,3454.0,,,,,,,571.0,,,,,,,,,,,,,,,,,,0,0,0,0,0
diyarbakir,2007,675192.0,479617.0,465708.0,3248.0,1649.0,1131.0,,9407.0,191214.0,24381.0,11431.0,,,,219779.0,,,,614.0,,,,,518.0,,2690.0,,,,,,,,,1434.0,,,,,,,,,,,,,,,,,,71.0,,,,,,,,,,,,,,,2002,bgmz,dehap,1,parlimentary,,,,,,,,,,,,,,,,,,,,,,,,,,,,0,0,0,0,0
diyarbakir,2002,615103.0,437595.0,420430.0,9691.0,1215.0,490.0,,24963.0,67298.0,,6415.0,,,4829.0,5711.0,17056.0,614.0,,696.0,,2784.0,,1017.0,791.0,,,30330.0,,,,,,,,7323.0,1865.0,,,,,,1903.0,,,,236689.0,,,,,,,71.1,,,,,,,,,,,,,,,1999,dehap,hadep,1,parlimentary,,,,,,,,,,,,,,,,,,,,,,,,,,,,0,0,0,0,0
diyarbakir,1999,546722.0,434201.0,406455.0,,,,,12273.0,,3790.0,11217.0,,,20265.0,565.0,45307.0,1121.0,7419.0,781.0,,4162.0,,1306.0,,552.0,,45527.0,,,,1090.0,,,,,,,,,,,,,2136.0,1922.0,,753.0,59310.0,186808.0,729.0,,,79.4,,,,,,,,,,,,,,,1995,hadep,hadep,0,parlimentary,,,,,,,,,,,,,,,,,,,,,,,,,,,,0,0,0,0,0
diyarbakir,1995,449962.0,342820.0,328973.0,,,,,6501.0,,,6443.0,,,8643.0,1620.0,45612.0,,,731.0,,,,1746.0,,,,35754.0,62049.0,,,2344.0,,,,,,,,,,,,,,,,,,152803.0,,,,76.2,,,,,,,,,,,,,,,1991,hadep,shp,1,parlimentary,,,,,,,,,,,,5188.0,555.0,,,,,,,,,,,,,,,0,0,0,0,0
diyarbakir,1991,406477.0,315964.0,300114.0,,,,,,,,,,,7779.0,2959.0,42068.0,,,,,,,,,,,60053.0,36238.0,,149955.0,,,,,,,,,,,,,,,,,,,,,,,77.7,,,,,,,,,,,,,,,1987,shp,shp,0,parlimentary,,,,,,,,,,,1619.0,,,,,,,,,,,,,,,,,0,0,0,0,0
diyarbakir,1987,342646.0,311979.0,297399.0,,,,,,,,,,,27898.0,9185.0,68333.0,,,,,,,,,,,39597.0,72925.0,,76074.0,,,,,,,,,,,,,,,,,,,,,,,91.0,,,,,,,,,,,,,,,1983,shp,hp,1,parlimentary,,,,,1956.0,,2028.0,,,,,,,,,,,,,,,,,,,,kurdish war,1,0,0,1,0
diyarbakir,1983,239802.0,198232.0,179019.0,,,,,,,,,,,,,58557.0,,,,,,,,,,,,,,,,,,,,,,,,,,,,,,,,,,,,,82.7,,,,,,,,,,,,,,,1977,hp,chp,1,parlimentary,,,,75217.0,,,,45245.0,,,,,,,,,,,,,,,,,,,,0,0,0,0,0
bursa,2018,2147723.0,1930043.0,1893395.0,33490.0,,,4717.0,443393.0,901530.0,,209461.0,243015.0,111030.0,,885.0,,,,,,,,,,,,,,,,,,,,,,4500.0,,,,,,,,,,,,,,,,89.9,,,,,,,,,,,,,,,2015_2,akp,akp,0,parlimentary,,,,,,,,,,,,,,,,,,,,,,,,,,,,0,0,0,0,0
bursa,2015_1,2045485.0,1829943.0,1808112.0,18896.0,2339.0,,4407.0,490316.0,1003822.0,3694.0,227426.0,,83684.0,1527.0,327.0,,1237.0,,,4666.0,9953.0,,1009.0,,,,18.0,,,,,,,,,,,,,3034.0,,,,,,,,,,,,,89.5,,,,,,,,,,,,,,,2011,akp,akp,0,parlimentary,,,,,,1663.0,,,,,,,,,,,,,,,,,,,,,,0,0,0,0,0
bursa,2015_2,2028417.0,1783055.0,1750164.0,56789.0,4268.0,,6364.0,496215.0,787698.0,3860.0,313117.0,,104711.0,3831.0,872.0,,1564.0,,,3315.0,,,835.0,,,,1826.0,,,,,,,,,,,,34.0,2094.0,,554.0,,,,,,,,,,,87.9,,,,,,,,,,,,,,,2015_1,akp,akp,0,parlimentary,1131.0,23.0,,,,488.0,,,972.0,,,,,,,,,,,,,,,,,,,0,0,0,0,0
bursa,2011,1876748.0,1678968.0,1647463.0,32619.0,,1861.0,,412887.0,875380.0,14545.0,238137.0,,,4888.0,27284.0,,781.0,,,,9597.0,,3271.0,,0.0,,3692.0,,,,,,,,,,,,,,,,10867.0,,,,,,,,,,89.5,,,,,,,,,,,,,,,2007,akp,akp,0,parlimentary,,,15145.0,,,,,,,1674.0,,,,,,,,,,,,,,,,,,0,0,0,0,0
bursa,2007,1515111.0,1344846.0,1304381.0,51679.0,8627.0,2462.0,,241856.0,666531.0,73878.0,188252.0,,,,14183.0,,2598.0,,4537.0,,,,,2433.0,,7332.0,,,,,,,,,48948.0,,,,,,,,,,,,,,,,,,88.8,,,,,,,,,,,,,,,2002,akp,akp,0,parlimentary,,,,,,,,,,,,,,,,,,,,,,,,,,,,0,0,0,0,0
bursa,2002,1487412.0,1186482.0,1132057.0,33273.0,7122.0,1733.0,,173299.0,469280.0,,73717.0,,,15061.0,1448.0,55334.0,5711.0,,4436.0,,6819.0,,2331.0,3213.0,,,130414.0,,,,,,,,98740.0,14093.0,,,,,,16251.0,,,,23869.0,,,,,,,79.8,,,,,,,,,,,,,,,1999,akp,dsp,1,parlimentary,,,,,,,,,,,,,,,,,,,,,,,,,,,,0,0,0,0,0
bursa,1999,1289774.0,1160134.0,1113043.0,,,,,42420.0,,2861.0,161872.0,,,357441.0,897.0,178397.0,5507.0,6878.0,1485.0,,7656.0,,2444.0,7352.0,1408.0,,142708.0,,,,1418.0,,,,,,,,,,,,,1764.0,,,1437.0,171450.0,19174.0,968.0,,,89.9,,,,,,,,,,,,,,,1995,dsp,dyp,1,parlimentary,,,,,,,,,,,,,,,,,,,,,,,,,,,earthquake,1,0,1,0,0
bursa,1995,1159716.0,1032937.0,994072.0,,,,,58353.0,,,54079.0,,,210010.0,815.0,215920.0,,,1709.0,,,,3422.0,,,,244831.0,187077.0,,,2852.0,,,,,,,,,,,,,,,,,,13667.0,,,,89.1,,,,,,,,,,,,,,,1991,dyp,dyp,0,parlimentary,,,,,,,,,,,,3183.0,1224.0,,,,,,,,,,,,,,,0,0,0,0,0
bursa,1991,938145.0,835287.0,813129.0,,,,,,,,,,,119355.0,404.0,226286.0,,,,,,,,,,,254366.0,110819.0,,100341.0,,,,,,,,,,,,,,,,,,,,,,,89.0,,,,,,,,,,,,,,,1987,dyp,anap,1,parlimentary,,,,,,,,,,,3066.0,,,,,,,,,,,,,,,,,0,0,0,0,0
bursa,1987,829040.0,792940.0,766952.0,,,,,,,,,,,68223.0,1533.0,282998.0,,,,,,,,,,,200149.0,48396.0,,148504.0,,,,,,,,,,,,,,,,,,,,,,,95.6,,,,,,,,,,,,,,,1983,anap,anap,0,parlimentary,,,,,5642.0,,13044.0,,,,,,,,,,,,,,,,,,,,,0,0,0,0,0
bursa,1983,625323.0,594327.0,566481.0,,,,,,,,,,,,,268736.0,,,,,,,,,,,,,,,,,,,,,,,,,,,,,,,,,,,,,95.0,,,,,,,,,,,,,,,1977,anap,ap,1,parlimentary,,,,150912.0,,,,146833.0,,,,,,,,,,,,,,,,,,,,0,0,0,0,0
van,2018,637867.0,529789.0,511859.0,4208.0,,,850.0,13914.0,167667.0,,16245.0,6720.0,313017.0,,314.0,,,,,,,,,,,,,,,,,,,,,,4773.0,,,,,,,,,,,,,,,,83.1,,,,,,,,,,,,,,,2015_2,hdp,hdp,0,parlimentary,,,,,,,,,,,,,,,,,,,,,,,,,,,,0,0,0,0,0
van,2015_1,599698.0,486467.0,474252.0,2198.0,306.0,,220.0,9095.0,149796.0,230.0,6351.0,,313177.0,205.0,0.0,,17.0,,,886.0,2292.0,,68.0,,,,358.0,,,,,,,,,,,,,1760.0,,,,,,,,,,,,,81.1,,,,,,,,,,,,,,,2011,hdp,bgmz,1,parlimentary,,,,,,385.0,,,,,,,,,,,,,,,,,,,,,,0,0,0,0,0
van,2015_2,596809.0,504243.0,492582.0,3470.0,863.0,,254.0,6804.0,101153.0,218.0,14382.0,,370829.0,462.0,3260.0,,5.0,,,933.0,,,137.0,,,,14.0,,,,,,,,,,,,10.0,804.0,,2.0,,,,,,,,,,,84.5,,,,,,,,,,,,,,,2015_1,hdp,hdp,0,parlimentary,234.0,6.0,,,,109.0,,,3.0,,,,,,,,,,,,,,,,,,,0,0,0,0,0
van,2011,547016.0,440289.0,426031.0,1981.0,,1540.0,,16044.0,171753.0,1852.0,12737.0,,,1269.0,211131.0,,500.0,,,,5383.0,,362.0,,0.0,,0.0,,,,,,,,,,,,,,,,0.0,,,,,,,,,,80.5,,,,,,,,,,,,,,,2007,bgmz,akp,1,parlimentary,,,1764.0,,,,,,,451.0,,,,,,,,,,,,,,,,,,0,0,0,0,0
van,2007,414936.0,313087.0,305138.0,3996.0,2491.0,1386.0,,12445.0,163193.0,8410.0,9933.0,,,,99973.0,,,,1158.0,,,,,,,1806.0,,,,,,,,,1873.0,,,,,,,,,,,,,,,,,,75.5,,,,,,,,,,,,,,,2002,akp,dehap,1,parlimentary,,,,,,,,,,,,,,,,,,,,,,,,,,,,0,0,0,0,0
van,2002,359562.0,267840.0,257475.0,9064.0,1791.0,362.0,,13307.0,66797.0,,8297.0,,,3765.0,5901.0,11570.0,477.0,,787.0,,3352.0,,745.0,556.0,,,16743.0,,,,,,,,5578.0,2323.0,,,,,,1352.0,,,,105520.0,,,,,,,74.5,,,,,,,,,,,,,,,1999,dehap,hadep,1,parlimentary,,,,,,,,,,,,,,,,,,,,,,,,,,,,0,0,0,0,0
van,1999,320254.0,259777.0,244106.0,,,,,12416.0,,,19659.0,,,10084.0,4316.0,23868.0,700.0,1058.0,380.0,,5213.0,,1597.0,703.0,273.0,,27055.0,,,,701.0,,,,,,,,,,,,,1482.0,670.0,,431.0,46126.0,87307.0,453.0,,,81.1,,,,,,,,,,,,,,,1995,hadep,hadep,0,parlimentary,,,,,,,,,,,,,,,,,,,,,,,,,,,,0,0,0,0,0
van,1995,278384.0,226520.0,217300.0,,,,,5093.0,,,15555.0,,,4437.0,12191.0,36173.0,,,483.0,,,,2119.0,,,,21662.0,51755.0,,,1110.0,,,,,,,,,,,,,,,,,,61006.0,,,,81.4,,,,,,,,,,,,,,,1991,hadep,dyp,1,parlimentary,,,,,,,,,,,,5907.0,480.0,,,,,,,,,,,,,,,0,0,0,0,0
van,1991,232622.0,198268.0,191180.0,,,,,,,,,,,3379.0,69.0,50305.0,,,,,,,,,,,50793.0,43098.0,,42694.0,,,,,,,,,,,,,,,,,,,,,,,85.2,,,,,,,,,,,,,,,1987,dyp,anap,1,parlimentary,,,,,,,,,,,1197.0,,,,,,,,,,,,,,,,,0,0,0,0,0
van,1987,198988.0,184008.0,172852.0,,,,,,,,,,,16872.0,24539.0,43927.0,,,,,,,,,,,24388.0,30064.0,,24331.0,,,,,,,,,,,,,,,,,,,,,,,92.5,,,,,,,,,,,,,,,1983,anap,mdp,1,parlimentary,,,,,1957.0,,7120.0,,,,,,,,,,,,,,,,,,,,kurdish war,1,0,0,1,0
van,1983,142664.0,129034.0,122070.0,,,,,,,,,,,,,38758.0,,,,,,,,,,,,,,,,,,,,,,,,,,,,,,,,,,,,,90.4,,,,,,,,,,,,,,,1977,mdp,bgmz,1,parlimentary,,,,29151.0,,,,54161.0,,,,,,,,,,,,,,,,,,,,0,0,0,0,0
adana,2018,1524922.0,1313497.0,1289267.0,14118.0,,,2502.0,346425.0,461191.0,,156257.0,161497.0,179742.0,,413.0,,,,,,,,,,,,,,,,,,,,,,7042.0,,,,,,,,,,,,,,,,86.1,,,,,,,,,,,,,,,2015_2,akp,akp,0,parlimentary,,,,,,,,,,,,,,,,,,,,,,,,,,,,0,0,0,0,0
adana,2015_1,1483448.0,1271890.0,1255729.0,8175.0,1107.0,,2948.0,379690.0,481851.0,1459.0,248655.0,,153880.0,782.0,0.0,,915.0,,,2635.0,5028.0,,488.0,,,,12.0,,,,,,,,,,,,,2106.0,,,,,,,,,,,,,85.7,,,,,,,,,,,,,,,2011,akp,akp,0,parlimentary,,,,,,658.0,,,,,,,,,,,,,,,,,,,,,,0,0,0,0,0
adana,2015_2,1477328.0,1254393.0,1229817.0,19362.0,1774.0,,3907.0,359280.0,382219.0,1549.0,290428.0,,183491.0,1941.0,5014.0,,979.0,,,1308.0,,,514.0,,,,1135.0,,,,,,,,,,,,2223.0,1481.0,,5.0,,,,,,,,,,,84.9,,,,,,,,,,,,,,,2015_1,akp,akp,0,parlimentary,608.0,16.0,,,,318.0,,,652.0,,,,,,,,,,,,,,,,,,,0,0,0,0,0
adana,2011,1401712.0,1196001.0,1168664.0,11078.0,,1322.0,,361547.0,438321.0,6436.0,238140.0,,,2144.0,93169.0,,332.0,,,,6885.0,,2178.0,,0.0,,2055.0,,,,,,,,,,,,,,,,2183.0,,,,,,,,,,85.3,,,,,,,,,,,,,,,2007,akp,akp,0,parlimentary,,,5265.0,,,,,,,856.0,,,,,,,,,,,,,,,,,refugee ,1,0,0,0,1
adana,2007,1189228.0,934190.0,910856.0,14322.0,3118.0,1762.0,,209276.0,338122.0,48426.0,210006.0,,,,54222.0,,,,3625.0,,,,,1579.0,,4142.0,,,,,,,,,27991.0,,,,,,,,,,,,,,,,,,78.6,,,,,,,,,,,,,,,2002,akp,akp,0,parlimentary,,,,,,,,,,,,,,,,,,,,,,,,,,,,0,0,0,0,0
adana,2002,1194078.0,887142.0,853417.0,14178.0,2095.0,1759.0,,182436.0,229729.0,,97700.0,,,11954.0,1115.0,31130.0,1598.0,,3962.0,,4866.0,,1487.0,3765.0,,,98440.0,,,,,,,,75464.0,9025.0,,,,,,6369.0,,,,79397.0,,,,,,,74.3,,,,,,,,,,,,,,,1999,akp,dsp,1,parlimentary,,,,,,,,,,,,,,,,,,,,,,,,,,,,0,0,0,0,0
adana,1999,1056015.0,884597.0,845706.0,,,,,67502.0,,2219.0,199723.0,,,219535.0,80.0,100141.0,1846.0,3439.0,1632.0,,6294.0,,2112.0,7030.0,1465.0,,79269.0,,,,841.0,,,,,,,,,,,,,2286.0,1056.0,,828.0,87018.0,62418.0,755.0,,,83.8,,,,,,,,,,,,,,,1995,dsp,dsp,0,parlimentary,,,,,,,,,,,,,,,,,,,,,,,,,,,,0,0,0,0,0
adana,1995,1180702.0,980029.0,947779.0,,,,,74898.0,,,136386.0,,,178461.0,2437.0,157542.0,,,2165.0,,,,3734.0,,,,165837.0,158680.0,,,2460.0,,,,,,,,,,,,,,,,,,63277.0,,,,83.0,,,,,,,,,,,,,,,1991,dsp,dyp,1,parlimentary,,,,,,,,,,,,3370.0,1460.0,,,,,,,,,,,,,,,0,0,0,0,0
adana,1991,1015913.0,820230.0,797304.0,,,,,,,,,,,93119.0,390.0,169175.0,,,,,,,,,,,239377.0,117303.0,,176264.0,,,,,,,,,,,,,,,,,,,,,,,80.7,,,,,,,,,,,,,,,1987,dyp,anap,1,parlimentary,,,,,,,,,,,3155.0,,,,,,,,,,,,,,,,,0,0,0,0,0
adana,1987,856972.0,795618.0,779658.0,,,,,,,,,,,78049.0,,264776.0,,,,,,,,,,,149868.0,43055.0,,210436.0,,,,,,,,,,,,,,,,,,,,,,,92.8,,,,,,,,,,,,,,,1983,anap,anap,0,parlimentary,,,,,5240.0,,29797.0,,,,,,,,,,,,,,,,,,,,,0,0,0,0,0
adana,1983,612685.0,557667.0,527145.0,,,,,,,,,,,,4247.0,213739.0,,,,,,,,,,,,,,,,,,,,,,,,,,,,,,,,,,,,,91.0,,,,,,,,,,,,,,,1977,anap,chp,1,parlimentary,,,,194641.0,,,,114518.0,,,,,,,,,,,,,,,,,,,,0,0,0,0,0
mardin,1977,239624.0,187248.0,183958.0,,,,,39008.0,,,252.0,,,,56908.0,,,,,,,,,,,,,,,,,,,,,,,,,,,,,,,,,,,,,,78.1,,,,,,,,,,,,,,,1973,bgmz,bgmz,0,parlimentary,,,,,,,,,,,,,,30385.0,,13643.0,,,1011.0,,,42751.0,,,,,,0,0,0,0,0
mardin,1973,191490.0,140872.0,137853.0,,,,,24417.0,,,622.0,,,,31793.0,,,,,,,,,,,,,,,,,,,,,,,,,,,,,,,,,,,,,,73.6,,,,,,,,,,,,,,,1969,bgmz,bgmz,0,parlimentary,,,,,,,,,,,,,,25853.0,,14261.0,,,24213.0,,,16694.0,,,,,,0,0,0,0,0
mardin,1969,178749.0,140087.0,137660.0,,,,,16558.0,,,248.0,,,,53642.0,,,,,,,,944.0,,,,,,,,,,,,,,,,,,,,,,,,,,,,,,78.3,,,,,,,,,,,,,,,1965,bgmz,bgmz,0,parlimentary,,,,,,,,,,,,,,38296.0,,,,,,11057.0,,,,317.0,,16598.0,,0,0,0,0,0
mardin,1965,164289.0,121301.0,118445.0,,,,,26611.0,,,,,,,46329.0,,,,,,,,,,,,,,,,,,,,,,,,,,,,,,,,,,,,,,73.8,,,,,,,,,,,,,,,1961,bgmz,chp,1,parlimentary,,,,,,,,,,,,,,26828.0,,,2145.0,,,,,,,1965.0,,14567.0,,0,0,0,0,0
mardin,1961,150006.0,119459.0,117283.0,,,,,50734.0,,,,,,,,,,,,,,,,,,,,,,,,,,,,,,,,,,,,,,,,,,,,,79.6,,,,,,,,,,,,,,,1957,chp,chp,0,parlimentary,,,,,,,,,,,,,,,,,25622.0,,,,,,,,,40927.0,,0,0,0,0,0
mardin,1957,134107.0,105685.0,,,,,,55571.0,,48379.0,,,,,,,,,,,,,,,,,,,,,,,,,,,,,,,,,,,,,,,,,,,78.8,,,,,,,,,,,,,,,1954,chp,dp,1,parlimentary,,,,,,,,,,,,,,,,,,651.0,,,,,,,,,,0,0,0,0,0
mardin,1954,124846.0,108952.0,,,,,,44650.0,,60614.0,,,,,21646.0,,,,,,,,,,,,,,,,,,,,,,,,,,,,,,,,,,,,,,87.3,,,,,,,,,,,,,,,1950,dp,bgmz,1,parlimentary,,,,,,,,,,,,,,,,,,,,,,,,,,,,0,0,0,0,0
mardin,1950,104553.0,92178.0,,,,,,44882.0,,45078.0,,,,,47771.0,,,,,,,,,,,,,,,,,,,,,,,,,,,,,,,,,,,,,,88.2,,,,,,,,,,,,,,,,bgmz,,0,parlimentary,,,,,,,,,,,,,,,,,,,,,,,,,,,,0,0,0,0,0
sakarya,1977,263060.0,201204.0,194390.0,,,,,70233.0,,,8082.0,,,,352.0,,,,,,,,,,,,,,,,,,,,,,,,,,,,,,,,,,,,,,76.5,,,,,,,,,,,,,,,1973,ap,ap,0,parlimentary,,,,,,,,,,,,,,86124.0,,2655.0,,,6255.0,,,20689.0,,,,,,0,0,0,0,0
sakarya,1973,221103.0,143878.0,136455.0,,,,,33705.0,,,3350.0,,,,747.0,,,,,,,,870.0,,,,,,,,,,,,,,,,,,,,,,,,,,,,,,65.0,,,,,,,,,,,,,,,1969,ap,ap,0,parlimentary,,,,,,,,,,,,,,39928.0,,4622.0,,,28441.0,,,24792.0,,,,,,0,0,0,0,0
sakarya,1969,196665.0,127016.0,120124.0,,,,,34240.0,,,3940.0,,,,5391.0,,,,,,,,4115.0,,,,,,,,,,,,,,,,,,,,,,,,,,,,,,64.5,,,,,,,,,,,,,,,1965,ap,ap,0,parlimentary,,,,,,,,,,,,,,64263.0,,,,,,5561.0,,,,1825.0,,789.0,,0,0,0,0,0
sakarya,1965,178053.0,131183.0,125039.0,,,,,26334.0,,,,,,,413.0,,,,,,,,8521.0,,,,,,,,,,,,,,,,,,,,,,,,,,,,,,73.7,,,,,,,,,,,,,,,1961,ap,ap,0,parlimentary,,,,,,,,,,,,,,71625.0,,,2210.0,,,,,,,2777.0,,13159.0,,0,0,0,0,0
sakarya,1961,166675.0,139486.0,133341.0,,,,,37333.0,,,,,,,197.0,,,,,,,,,,,,,,,,,,,,,,,,,,,,,,,,,,,,,,83.7,,,,,,,,,,,,,,,1957,ap,dp,1,parlimentary,,,,,,,,,,,,,,51242.0,,,16578.0,,,,,,,,,28039.0,,0,0,0,0,0
sakarya,1957,147842.0,120909.0,,,,,,34110.0,,70248.0,,,,,8.0,,,,,,,,,,,,,,,,,,,,,,,,,,,,,,,,,,,,,,81.8,,,,,,,,,,,,,,,1954,dp,,0,parlimentary,,,,,,,,,,,,,,,,,,6144.0,,,8665.0,,,,,,,0,0,0,0,0
kocaeli,1977,282508.0,193436.0,187886.0,,,,,82278.0,,,3387.0,,,,,,,,,,,,,,,,,,,,,,,,,,,,,,,,,,,,,,,,,,68.5,,,,,,,,,,,,,,,1973,chp,chp,0,parlimentary,,,,,,,,,,,,,,75193.0,,2021.0,,,4082.0,,,19951.0,538.0,434.0,,,,0,0,0,0,0
kocaeli,1973,199369.0,133443.0,128233.0,,,,,43128.0,,,1478.0,,,,558.0,,,,,,,,598.0,,,,,,,,,,,,,,,,,,,,,,,,,,,,,,66.9,,,,,,,,,,,,,,,1969,chp,ap,1,parlimentary,,,,,,,,,,,,,,41474.0,,4576.0,,,12166.0,,,23247.0,1008.0,,,,,0,0,0,0,0
kocaeli,1969,160992.0,105250.0,100610.0,,,,,33194.0,,,1389.0,,,,212.0,,,,,,,,5903.0,,,,,,,,,,,,,,,,,,,,,,,,,,,,,,65.3,,,,,,,,,,,,,,,1965,ap,ap,0,parlimentary,,,,,,,,,,,,,,52671.0,1360.0,,,,,3543.0,,,,1914.0,,424.0,,0,0,0,0,0
kocaeli,1965,147971.0,111422.0,106196.0,,,,,31622.0,,,,,,,155.0,,,,,,,,9192.0,,,,,,,,,,,,,,,,,,,,,,,,,,,,,,75.3,,,,,,,,,,,,,,,1961,ap,ap,0,parlimentary,,,,,,,,,,,,,,58931.0,,,1486.0,,,,,,,3495.0,,1315.0,,0,0,0,0,0
kocaeli,1961,140326.0,114691.0,110272.0,,,,,42752.0,,,,,,,,,,,,,,,,,,,,,,,,,,,,,,,,,,,,,,,,,,,,,81.7,,,,,,,,,,,,,,,1957,ap,dp,1,parlimentary,,,,,,,,,,,,,,49404.0,,,15507.0,,,,,,,,,2609.0,,0,0,0,0,0
kocaeli,1957,129281.0,98208.0,,,,,,38300.0,,49517.0,,,,,,,,,,,,,,,,,,,,,,,,,,,,,,,,,,,,,,,,,,,76.0,,,,,,,,,,,,,,,1954,dp,dp,0,parlimentary,,,,,,,,,,,,,,,,,,5727.0,,,4047.0,,,,,,,0,0,0,0,0
kocaeli,1954,230590.0,204468.0,,,,,,60860.0,,127578.0,,,,,1184.0,,,,,,,,,,,,,,,,,,,,,,,,,,,,,,,,,,,,,,88.7,,,,,,,,,,,,,,,1950,dp,dp,0,parlimentary,,,,,,798.0,,,,,,,,,,,,12008.0,,,,,,,,,,0,0,0,0,0
kocaeli,1950,198729.0,181624.0,,,,,,64828.0,,105910.0,,,,,,,,,,,,,8251.0,,,,,,,,,,,,,,,,,,,,,,,,,,,,,,91.4,,,,,,,,,,,,,,,,dp,,0,parlimentary,,,,,,,,,,,,,,,,,,,,,,,,,,,,0,0,0,0,0
hatay,1977,368454.0,276821.0,270576.0,,,,,148967.0,,,24444.0,,,,6.0,,,,,,,,,,,,,,,,,,,,,,,,,,,,,,,,,,,,,,75.1,,,,,,,,,,,,,,,1973,chp,chp,0,parlimentary,,,,,,,,,,,,,,77395.0,,2423.0,,,1834.0,,,13853.0,1170.0,490.0,,,cyprus war,1,1,0,0,0
hatay,1973,251734.0,158446.0,150498.0,,,,,56382.0,,,7708.0,,,,5862.0,,,,,,,,665.0,,,,,,,,,,,,,,,,,,,,,,,,,,,,,,62.9,,,,,,,,,,,,,,,1969,chp,ap,1,parlimentary,,,,,,,,,,,,,,35117.0,,9741.0,,,22621.0,,,9680.0,2722.0,,,,,0,0,0,0,0
hatay,1969,216275.0,143729.0,137880.0,,,,,41450.0,,,3657.0,,,,23116.0,,,,,,,,582.0,,,,,,,,,,,,,,,,,,,,,,,,,,,,,,66.4,,,,,,,,,,,,,,,1965,ap,ap,0,parlimentary,,,,,,,,,,,,,,54411.0,2974.0,,,,,6028.0,,,,5033.0,,629.0,,0,0,0,0,0
hatay,1965,196797.0,120469.0,116488.0,,,,,36342.0,,,,,,,,,,,,,,,2376.0,,,,,,,,,,,,,,,,,,,,,,,,,,,,,,61.2,,,,,,,,,,,,,,,1961,ap,chp,1,parlimentary,,,,,,,,,,,,,,66956.0,,,1712.0,,,,,,,5371.0,,3731.0,,0,0,0,0,0
hatay,1961,186896.0,151513.0,145825.0,,,,,54279.0,,,,,,,4920.0,,,,,,,,,,,,,,,,,,,,,,,,,,,,,,,,,,,,,,81.1,,,,,,,,,,,,,,,1957,chp,chp,0,parlimentary,,,,,,,,,,,,,,31588.0,,,5145.0,,,,,,,,,49697.0,,0,0,0,0,0
hatay,1957,172193.0,135238.0,,,,,,62562.0,,60617.0,,,,,,,,,,,,,,,,,,,,,,,,,,,,,,,,,,,,,,,,,,,78.5,,,,,,,,,,,,,,,1954,chp,dp,1,parlimentary,,,,,,,,,,,,,,,,,,2653.0,,,7503.0,,,,,,,0,0,0,0,0
hatay,1954,140205.0,129274.0,,,,,,48746.0,,76136.0,,,,,8.0,,,,,,,,,,,,,,,,,,,,,,,,,,,,,,,,,,,,,,92.2,,,,,,,,,,,,,,,1950,dp,chp,1,parlimentary,,,,,,,,,,,,,,,,,,2034.0,,,,,,,,,,0,0,0,0,0
hatay,1950,116756.0,103561.0,,,,,,53818.0,,49240.0,,,,,,,,,,,,,,,,,,,,,,,,,,,,,,,,,,,,,,,,,,,88.7,,,,,,,,,,,,,,,,chp,,0,parlimentary,,,,,,,,,,,,,,,,,,,,,,,,,,,,0,0,0,0,0
